Name,G,GS,GR,GF,CG,SHO,W,L,S,HD,IP,ER,R,rRA,TBF,H,2B,3B,HR,BB,HP,IB,SO,ROE,BK,WP,ERA,RA9,rRA9,rRA9pf,FIP,WHIP,WAR,BIP,BABIP,GB%,ifFB%,ofFB%,FB%,LD%,GB/FB,HR/FB%,if1B%,좌%,좌중%,중%,우중%,우%,당%,밀%,좌,좌중,중,우중,우,당,밀,좌_안타,좌중_안타,중_안타,우중_안타,우_안타,당_안타,밀_안타,좌_안타비율,좌중안타비율,중안타비율,우중안타비율,우안타비율,당안타비율,밀안타비율
최지강,38,0,38,2,0,0,2,0,1,12,33.1,8,9,14.70,153,30,2,2,3,18,6,2,31,2,0,3,2.16,2.43,3.97,4.07,5.09,1.44,0.91,94,0.287,57.1,6.1,34.7,40.8,2.0,1.4,7.5,10.0,22.4,23.5,15.3,18.4,20.4,65.1,34.9,22,23,15,18,20,54,29,6,5,5,6,8,18,7,0.273,0.217,0.333,0.333,0.400,0.333,0.241
이병헌,38,0,38,4,0,0,5,0,0,6,35.1,10,14,14.10,153,33,4,1,2,19,1,1,30,1,1,0,2.55,3.57,3.59,3.74,4.42,1.47,1.19,100,0.310,53.4,5.8,37.9,43.7,2.9,1.2,4.4,9.1,20.4,30.1,17.5,14.6,17.5,49.4,50.6,21,31,18,15,18,42,43,7,10,6,4,6,10,17,0.333,0.323,0.333,0.267,0.333,0.238,0.395
노경은,37,0,37,4,0,0,5,3,0,17,40.2,11,13,18.50,167,32,2,0,8,16,2,2,31,1,0,0,2.43,2.88,4.09,4.01,5.86,1.18,1.19,110,0.218,50.8,4.2,41.5,45.8,3.4,1.1,14.8,9.4,20.5,17.1,23.1,21.4,17.9,67.8,32.2,24,20,27,25,21,61,29,8,4,9,3,8,16,7,0.333,0.200,0.333,0.120,0.381,0.262,0.241
장현식,37,0,37,2,0,0,1,2,0,8,33.2,19,25,20.90,157,34,8,0,5,21,2,1,36,4,0,3,5.08,6.68,5.59,5.79,5.32,1.63,0.18,93,0.312,50.0,5.1,43.9,49.0,1.0,1.0,10.4,5.9,23.5,17.3,18.4,26.5,14.3,58.8,41.3,23,17,18,26,14,47,33,8,9,3,8,6,21,10,0.348,0.529,0.167,0.308,0.429,0.447,0.303
조병현,37,0,37,7,0,0,2,2,0,10,35.0,14,14,13.00,140,26,7,0,4,12,2,0,40,0,0,2,3.60,3.60,3.34,3.25,3.94,1.09,1.19,82,0.268,39.5,7.0,51.2,58.1,2.3,0.7,8.0,7.7,22.1,19.8,18.6,19.8,19.8,50.0,50.0,19,17,16,17,17,35,35,5,7,4,7,3,13,9,0.263,0.412,0.250,0.412,0.176,0.371,0.257
한두솔,37,0,37,4,0,0,0,1,0,2,30.2,17,24,18.70,149,33,4,1,1,18,3,1,34,5,0,0,4.99,7.04,5.49,5.24,3.84,1.66,0.38,91,0.352,50.0,5.3,39.4,44.7,5.3,1.1,2.4,12.1,19.1,27.7,18.1,18.1,17.0,53.2,46.8,18,26,17,17,16,41,36,8,4,9,4,8,13,11,0.444,0.154,0.529,0.235,0.500,0.317,0.306
김재열,37,0,37,3,0,0,1,1,0,7,39.1,7,7,10.25,152,24,7,1,2,13,0,2,41,1,0,0,1.60,1.60,2.35,2.43,3.15,0.94,1.50,95,0.232,32.7,11.2,52.0,63.3,4.1,0.5,3.2,0.0,21.6,14.4,18.6,26.8,18.6,58.2,41.8,21,14,18,26,18,46,33,9,1,3,4,7,14,7,0.429,0.071,0.167,0.154,0.389,0.304,0.212
김상수,36,0,36,4,0,0,2,0,1,10,36.1,15,15,20.70,152,31,4,1,2,11,2,0,25,1,1,3,3.72,3.72,5.13,5.03,4.25,1.16,0.59,109,0.266,52.6,2.6,43.0,45.6,1.8,1.2,3.8,9.7,15.8,16.7,22.8,22.8,21.9,55.7,44.3,18,19,26,26,25,49,39,6,5,10,5,5,13,8,0.333,0.263,0.385,0.192,0.200,0.265,0.205
전미르,36,0,36,6,0,0,1,5,1,5,33.2,22,28,22.50,155,33,10,0,4,21,1,2,34,4,0,3,5.88,7.49,6.01,5.63,5.02,1.60,0.35,92,0.315,52.5,2.0,43.4,45.5,2.0,1.2,8.9,0.0,25.3,25.3,12.1,16.2,21.2,55.2,44.8,25,25,12,16,21,48,39,10,7,3,4,9,20,10,0.400,0.280,0.250,0.250,0.429,0.417,0.256
최지민,35,0,35,2,0,0,2,2,2,9,28.1,10,11,13.05,135,21,5,0,0,27,2,0,20,2,0,5,3.18,3.49,4.15,4.16,5.61,1.69,0.78,85,0.247,43.0,4.7,48.8,53.5,3.5,0.8,0.0,14.3,22.1,19.8,18.6,20.9,18.6,61.4,38.6,19,17,16,18,16,43,27,10,4,2,2,3,12,7,0.526,0.235,0.125,0.111,0.188,0.279,0.259
김민수,35,0,35,4,0,0,3,1,0,9,39.2,26,29,29.15,178,47,9,3,3,14,1,0,32,2,0,3,5.90,6.58,6.61,6.55,4.26,1.54,0.00,127,0.347,55.0,3.1,41.2,44.3,0.8,1.2,5.2,10.6,26.0,17.6,16.0,21.4,19.1,63.6,36.4,34,23,21,28,25,70,40,16,7,7,7,10,25,15,0.471,0.304,0.333,0.250,0.400,0.357,0.375
김진성,34,0,34,3,0,0,1,1,1,14,33.2,11,11,14.45,142,26,6,0,4,14,5,2,33,0,0,1,2.94,2.94,3.86,4.02,4.91,1.19,0.82,85,0.259,26.7,13.3,56.7,70.0,3.3,0.4,6.3,0.0,29.2,18.0,13.5,18.0,21.3,57.1,42.9,26,16,12,16,19,44,33,9,3,3,2,9,19,4,0.346,0.188,0.250,0.125,0.474,0.432,0.121
한재승,33,0,33,4,0,0,1,1,0,6,28.2,10,10,10.10,123,24,4,0,0,15,0,0,32,1,0,4,3.14,3.14,3.17,3.18,3.03,1.36,0.88,76,0.316,50.0,3.9,43.4,47.4,2.6,1.1,0.0,0.0,22.4,19.7,26.3,13.2,18.4,57.1,42.9,17,15,20,10,14,32,24,9,4,7,1,3,10,7,0.529,0.267,0.350,0.100,0.214,0.313,0.292
이우찬,33,1,32,2,0,0,3,2,0,6,27.1,28,30,27.80,141,36,6,1,2,23,1,0,27,3,0,2,9.22,9.88,9.15,9.13,5.32,2.16,-0.58,87,0.391,51.1,7.8,38.9,46.7,2.2,1.1,4.8,13.9,25.8,25.8,18.0,13.5,16.9,56.2,43.8,23,23,16,12,15,41,32,12,8,5,3,8,17,14,0.522,0.348,0.313,0.250,0.533,0.415,0.438
조상우,33,0,33,0,0,0,0,1,0,8,29.1,12,15,14.45,124,25,1,0,2,15,0,1,27,0,0,1,3.68,4.60,4.43,4.67,4.19,1.36,0.52,78,0.295,41.5,1.2,56.1,57.3,1.2,0.7,4.3,0.0,14.6,20.7,18.3,11.0,35.4,59.7,40.3,12,17,15,9,29,40,27,4,4,4,3,10,16,5,0.333,0.235,0.267,0.333,0.345,0.400,0.185
이로운,33,0,33,7,0,0,1,0,1,8,35.0,14,19,18.00,156,36,3,2,0,19,0,2,25,2,0,1,3.60,4.89,4.63,4.60,4.01,1.57,0.57,110,0.327,45.5,2.7,48.2,50.9,3.6,0.9,0.0,11.1,17.0,14.3,22.3,24.1,22.3,54.0,46.0,19,16,25,27,25,47,40,10,6,9,4,7,14,13,0.526,0.375,0.360,0.148,0.280,0.298,0.325
이용찬,33,0,33,25,0,0,3,4,12,1,33.2,11,12,13.75,143,36,5,1,3,11,1,1,32,1,0,5,2.94,3.21,3.68,3.70,3.99,1.40,0.98,93,0.355,42.4,5.1,48.5,53.5,4.0,0.8,5.7,11.1,20.2,24.2,15.2,21.2,19.2,48.8,51.2,20,24,15,21,19,41,43,7,7,8,5,9,18,10,0.350,0.292,0.533,0.238,0.474,0.439,0.233
김재윤,33,0,33,5,0,0,3,4,1,16,36.0,13,15,17.05,151,26,4,0,6,19,0,4,25,1,0,1,3.25,3.75,4.26,4.05,5.83,1.25,0.70,99,0.202,30.8,10.3,54.2,64.5,4.7,0.5,8.7,11.5,25.7,23.8,10.5,20.0,20.0,62.8,37.2,27,25,11,21,21,59,35,6,3,3,4,10,21,2,0.222,0.120,0.273,0.190,0.476,0.356,0.057
김범수,32,0,32,6,0,0,0,0,0,3,28.1,16,16,17.85,130,24,1,0,8,17,5,1,33,2,0,3,5.08,5.08,5.67,5.57,6.95,1.45,0.25,67,0.239,49.3,4.0,44.0,48.0,2.7,1.0,22.2,8.3,18.7,18.7,22.7,18.7,21.3,69.0,31.0,14,14,17,14,16,40,18,5,3,5,4,7,14,5,0.357,0.214,0.294,0.286,0.438,0.350,0.278
곽도규,32,0,32,0,0,0,2,1,0,7,25.1,10,11,10.45,110,17,2,0,2,19,0,0,31,1,0,4,3.55,3.91,3.71,3.77,4.41,1.42,0.77,58,0.259,61.7,6.7,30.0,36.7,1.7,1.7,9.1,5.9,22.0,22.0,18.6,25.4,11.9,62.5,37.5,13,13,11,15,7,30,18,6,2,7,1,1,7,3,0.462,0.154,0.636,0.067,0.143,0.233,0.167
김택연,32,0,32,10,0,0,2,0,4,4,32.0,9,10,9.50,132,21,6,0,1,16,1,0,36,1,0,1,2.53,2.81,2.67,2.76,3.41,1.16,1.27,76,0.263,34.2,6.3,58.2,64.6,1.3,0.5,2.0,0.0,26.9,15.4,20.5,20.5,16.7,46.8,53.2,21,12,16,16,13,29,33,8,2,4,3,4,12,5,0.381,0.167,0.250,0.188,0.308,0.414,0.152
임창민,32,0,32,1,0,0,1,0,0,18,28.0,12,14,11.45,134,30,5,0,2,20,0,0,28,3,0,3,3.86,4.50,3.68,3.56,4.77,1.79,0.64,84,0.333,32.6,10.5,53.5,64.0,3.5,0.5,3.6,3.3,28.6,17.9,10.7,19.0,23.8,53.3,46.7,24,15,9,16,20,40,35,12,2,4,4,8,17,9,0.500,0.133,0.444,0.250,0.400,0.425,0.257
전상현,32,0,32,4,0,0,2,3,2,10,28.2,15,15,14.00,112,24,3,0,3,4,2,0,18,0,0,1,4.71,4.71,4.40,4.62,4.53,0.98,0.66,84,0.250,31.8,8.0,56.8,64.8,3.4,0.5,5.3,8.3,24.1,19.5,19.5,17.2,19.5,54.9,45.1,21,17,17,15,17,39,32,8,3,4,3,6,17,3,0.381,0.176,0.235,0.200,0.353,0.436,0.094
유영찬,31,0,31,25,0,0,4,2,15,1,31.1,7,7,14.05,140,32,5,0,1,12,1,2,40,2,1,2,2.01,2.01,4.04,4.13,2.58,1.40,0.82,85,0.365,43.7,10.3,43.7,54.0,2.3,0.8,2.1,9.4,17.6,24.7,21.2,14.1,22.4,61.2,38.8,15,21,18,12,19,41,26,9,7,5,3,8,20,7,0.600,0.333,0.278,0.250,0.421,0.488,0.269
김규연,31,1,30,6,0,0,1,0,0,2,31.2,18,20,20.40,138,30,5,0,2,13,4,1,21,2,0,1,5.12,5.68,5.80,5.57,4.96,1.36,0.28,95,0.295,51.0,4.0,40.0,44.0,5.0,1.2,4.5,13.3,17.0,21.0,18.0,24.0,20.0,57.3,42.7,17,21,18,24,20,47,35,6,8,4,7,5,14,12,0.353,0.381,0.222,0.292,0.250,0.298,0.343
오승환,30,0,30,28,0,0,1,2,21,0,32.1,6,6,7.90,136,30,9,0,2,8,2,1,24,1,0,5,1.67,1.67,2.20,2.11,3.94,1.18,1.47,97,0.289,44.1,8.8,44.1,52.9,2.9,0.8,3.7,10.0,25.7,18.8,16.8,17.8,20.8,56.0,44.0,26,19,17,18,21,47,37,9,4,7,2,8,15,8,0.346,0.211,0.412,0.111,0.381,0.319,0.216
김유영,30,2,28,4,0,0,1,2,1,4,31.1,14,19,15.70,141,32,6,0,1,11,3,0,33,7,1,2,4.02,5.46,4.51,4.55,3.33,1.37,0.54,91,0.341,54.3,2.1,41.5,43.6,2.1,1.2,2.4,3.1,21.3,19.1,21.3,19.1,19.1,62.2,37.8,20,18,20,18,18,46,28,8,4,7,5,8,16,9,0.400,0.222,0.350,0.278,0.444,0.348,0.321
김태훈,30,0,30,5,0,0,2,1,0,11,30.0,11,11,13.40,128,27,3,1,1,10,3,0,20,1,0,2,3.30,3.30,4.02,4.01,4.27,1.23,0.44,94,0.277,45.3,5.3,46.3,51.6,3.2,0.9,2.0,3.7,15.8,18.9,15.8,27.4,22.1,66.3,33.8,15,18,15,26,21,53,27,7,4,5,7,4,18,4,0.467,0.222,0.333,0.269,0.190,0.340,0.148
이민우,30,0,30,5,0,0,1,1,1,6,25.1,7,7,11.10,105,25,4,0,3,8,0,0,26,0,0,1,2.49,2.49,3.94,3.90,4.02,1.30,0.69,66,0.333,49.3,4.2,43.7,47.9,2.8,1.0,8.8,8.0,20.0,27.1,12.9,25.7,14.3,59.0,41.0,14,19,9,18,10,36,25,6,8,3,4,4,13,9,0.429,0.421,0.333,0.222,0.400,0.361,0.360
문성현,30,0,30,6,0,0,0,2,3,2,29.1,16,16,16.50,136,40,4,2,1,12,2,0,22,1,0,1,4.91,4.91,5.06,5.00,4.21,1.77,0.41,99,0.394,42.0,3.0,51.0,54.0,4.0,0.8,1.9,7.5,27.0,17.0,13.0,22.0,21.0,49.4,50.6,27,17,13,22,21,43,44,12,8,6,5,9,17,17,0.444,0.471,0.462,0.227,0.429,0.395,0.386
박치국,30,0,30,6,0,0,0,2,1,2,26.0,19,19,18.00,126,35,2,0,5,9,7,1,16,1,0,0,6.58,6.58,6.23,6.31,6.74,1.69,0.02,87,0.345,46.8,7.4,42.6,50.0,3.2,0.9,10.6,20.0,24.5,25.5,11.7,17.0,21.3,57.8,42.2,23,24,11,16,20,48,35,13,11,0,4,7,21,14,0.565,0.458,0.000,0.250,0.350,0.438,0.400
한승혁,29,0,29,1,0,0,1,4,0,6,27.1,16,17,16.30,123,29,5,0,0,15,1,0,27,1,0,2,5.27,5.60,5.37,5.21,3.55,1.61,0.35,78,0.372,50.0,1.3,43.8,45.0,5.0,1.1,0.0,6.9,18.8,13.8,16.3,25.0,26.3,62.7,37.3,15,11,13,20,21,42,25,8,4,6,3,8,16,7,0.533,0.364,0.462,0.150,0.381,0.381,0.280
정해영,29,0,29,25,0,0,2,1,19,0,29.1,7,7,9.90,127,32,3,1,4,10,1,2,32,1,0,0,2.15,2.15,3.04,3.09,4.15,1.43,1.23,80,0.350,44.0,4.8,51.2,56.0,0.0,0.8,8.5,3.1,22.9,31.3,14.5,14.5,16.9,60.6,39.4,19,26,12,12,14,43,28,7,9,5,3,8,18,9,0.368,0.346,0.417,0.250,0.571,0.419,0.321
주권,29,1,28,8,0,0,1,1,0,0,38.1,28,32,32.35,168,51,8,2,5,8,3,0,21,2,0,0,6.57,7.51,7.60,7.31,5.27,1.54,-0.14,127,0.362,52.9,0.7,42.6,43.4,3.7,1.2,8.5,9.8,16.3,20.7,27.4,22.2,13.3,49.5,50.5,22,28,37,30,18,49,50,9,6,17,11,7,17,17,0.409,0.214,0.459,0.367,0.389,0.347,0.340
주현상,29,0,29,20,0,0,4,1,7,2,32.2,6,6,6.70,121,22,1,2,4,4,0,0,31,0,0,0,1.65,1.65,1.85,1.83,3.67,0.80,1.77,81,0.222,36.0,8.1,52.3,60.5,3.5,0.6,7.7,9.1,19.0,17.9,25.0,17.9,20.2,54.7,45.3,16,15,21,15,17,35,29,7,3,4,4,4,14,4,0.438,0.200,0.190,0.267,0.235,0.400,0.138
이준영,29,0,29,4,0,0,1,0,0,4,17.1,6,9,10.85,80,19,5,0,1,9,2,2,14,2,0,0,3.12,4.67,5.63,5.62,4.48,1.62,0.18,54,0.333,50.9,3.6,43.6,47.3,1.8,1.1,3.8,5.3,10.9,14.5,18.2,34.5,21.8,60.0,40.0,6,8,10,19,12,27,18,3,1,4,3,8,11,4,0.500,0.125,0.400,0.158,0.667,0.407,0.222
이승현,29,0,29,2,0,0,4,1,1,4,32.2,14,14,15.40,132,32,8,1,3,8,2,0,28,0,0,0,3.86,3.86,4.24,4.07,4.10,1.22,0.44,91,0.319,37.2,3.2,55.3,58.5,4.3,0.6,5.5,3.1,25.3,19.5,19.5,20.1,15.6,59.7,40.3,39,30,30,31,24,74,50,11,7,16,7,5,22,8,0.282,0.233,0.533,0.226,0.208,0.297,0.160
이승현,29,0,29,2,0,0,4,1,1,4,32.2,14,14,15.40,132,32,8,1,3,8,2,0,28,0,0,0,3.86,3.86,4.24,4.07,4.10,1.22,0.44,149,0.289,51.3,5.8,38.3,44.2,4.5,1.2,4.4,6.5,19.6,18.5,17.4,15.2,29.3,51.9,48.1,18,17,16,14,27,40,37,5,4,7,3,13,12,13,0.278,0.235,0.438,0.214,0.481,0.300,0.351
이승현,29,0,29,2,0,0,4,1,1,4,32.2,14,14,15.40,132,32,8,1,3,8,2,0,28,0,0,0,3.86,3.86,4.24,4.07,4.10,1.22,0.44,149,0.289,51.3,5.8,38.3,44.2,4.5,1.2,4.4,6.5,25.3,19.5,19.5,20.1,15.6,59.7,40.3,39,30,30,31,24,74,50,11,7,16,7,5,22,8,0.282,0.233,0.533,0.226,0.208,0.297,0.160
이승현,29,0,29,2,0,0,4,1,1,4,32.2,14,14,15.40,132,32,8,1,3,8,2,0,28,0,0,0,3.86,3.86,4.24,4.07,4.10,1.22,0.44,91,0.319,37.2,3.2,55.3,58.5,4.3,0.6,5.5,3.1,19.6,18.5,17.4,15.2,29.3,51.9,48.1,18,17,16,14,27,40,37,5,4,7,3,13,12,13,0.278,0.235,0.438,0.214,0.481,0.300,0.351
김대현,28,0,28,7,0,0,2,0,1,1,28.1,16,16,19.80,125,28,4,1,5,13,1,0,25,0,0,5,5.08,5.08,6.29,6.32,5.63,1.45,0.09,81,0.284,34.9,4.7,55.8,60.5,4.7,0.6,9.6,10.7,30.2,17.4,15.1,23.3,14.0,58.9,41.1,26,15,13,20,12,43,30,8,4,4,6,6,16,8,0.308,0.267,0.308,0.300,0.500,0.372,0.267
최민준,28,0,28,3,0,0,1,0,0,0,35.2,21,23,26.45,173,48,5,1,5,18,3,1,36,2,0,0,5.30,5.80,6.67,6.61,5.08,1.85,0.08,109,0.395,45.7,0.9,50.0,50.9,3.4,0.9,8.5,6.3,16.4,19.8,23.3,19.0,21.6,68.5,31.5,19,23,27,22,25,61,28,7,7,13,9,12,24,11,0.368,0.304,0.481,0.409,0.480,0.393,0.393
홍건희,27,0,27,14,0,0,2,1,9,0,26.1,6,7,8.55,113,23,1,0,1,15,1,4,20,0,0,5,2.05,2.39,2.92,3.10,4.40,1.44,1.08,72,0.306,49.4,6.5,41.6,48.1,2.6,1.0,2.7,8.7,24.7,16.9,18.2,19.5,20.8,61.9,38.1,19,13,14,15,16,39,24,9,0,3,5,6,15,5,0.474,0.000,0.214,0.333,0.375,0.385,0.208
최준용,27,0,27,4,0,0,1,2,0,3,21.2,13,13,15.55,105,28,2,1,2,14,1,1,12,1,0,1,5.40,5.40,6.46,5.99,5.92,1.94,0.09,74,0.351,38.5,5.1,55.1,60.3,1.3,0.6,4.3,3.6,26.0,18.2,16.9,18.2,20.8,53.1,46.9,20,14,13,14,16,34,30,10,5,3,3,7,14,11,0.500,0.357,0.231,0.214,0.438,0.412,0.367
이영하,27,1,26,7,0,0,3,0,2,1,32.2,14,16,16.65,155,35,5,2,1,21,0,0,28,2,0,5,3.86,4.41,4.59,4.77,4.42,1.71,0.53,105,0.324,47.2,2.8,45.3,48.1,4.7,1.0,2.0,2.9,21.7,17.0,19.8,21.7,19.8,65.9,34.1,23,18,21,23,21,56,29,10,4,8,3,10,18,9,0.435,0.222,0.381,0.130,0.476,0.321,0.310
문승원,27,0,27,25,0,0,2,1,16,0,28.0,9,9,11.75,114,22,4,0,2,10,0,2,25,2,0,1,2.89,2.89,3.78,3.63,3.82,1.14,0.90,77,0.260,47.5,5.0,43.8,48.8,3.8,1.0,5.1,4.5,20.3,15.2,21.5,22.8,20.3,61.3,38.7,16,12,17,18,16,38,24,5,3,3,7,4,13,6,0.313,0.250,0.176,0.389,0.250,0.342,0.250
손동현,27,0,27,5,0,0,1,1,1,2,30.0,20,23,26.60,145,40,5,1,4,13,1,0,18,3,0,2,6.00,6.90,7.98,7.89,5.73,1.77,-0.28,106,0.340,30.1,11.5,57.5,69.0,0.9,0.4,5.1,2.5,23.9,17.4,22.9,13.8,22.0,60.0,40.0,26,19,25,15,24,51,34,11,6,7,8,8,24,9,0.423,0.316,0.280,0.533,0.333,0.471,0.265
김영규,27,0,27,1,0,0,2,1,1,8,26.2,9,12,9.70,108,22,3,0,1,10,1,0,26,2,0,0,3.04,4.05,3.27,3.31,3.49,1.20,0.82,68,0.309,62.0,4.2,28.2,32.4,5.6,1.9,4.3,9.1,4.3,25.7,17.1,27.1,25.7,56.9,43.1,3,18,12,19,18,33,25,0,6,7,3,6,8,7,0.000,0.333,0.583,0.158,0.333,0.242,0.280
김민,26,1,25,0,0,0,1,1,0,6,30.0,16,16,12.55,128,30,4,0,2,10,1,0,32,3,0,1,4.80,4.80,3.77,3.81,3.46,1.33,0.59,83,0.337,77.6,0.0,20.0,20.0,2.4,3.9,11.8,13.3,15.3,20.0,18.8,27.1,18.8,73.9,26.1,13,17,16,23,16,51,18,4,3,8,8,7,17,5,0.308,0.176,0.500,0.348,0.438,0.333,0.278
장시환,26,0,26,2,0,0,2,2,0,2,29.0,14,15,11.25,128,25,3,1,0,18,1,0,26,2,0,0,4.34,4.66,3.49,3.46,3.99,1.48,0.74,81,0.309,56.6,3.6,36.1,39.8,3.6,1.4,0.0,16.0,26.5,27.7,18.1,14.5,13.3,60.3,39.7,22,23,15,12,11,41,27,6,4,8,4,3,8,9,0.273,0.174,0.533,0.333,0.273,0.195,0.333
김재웅,26,0,26,1,0,0,0,2,0,7,23.2,9,9,11.25,107,24,3,1,2,12,1,1,19,3,0,1,3.42,3.42,4.28,4.48,4.90,1.52,0.52,72,0.306,52.0,1.3,42.7,44.0,4.0,1.2,6.1,0.0,24.0,20.0,18.7,20.0,17.3,67.2,32.8,18,15,14,15,13,41,20,7,4,3,5,5,15,6,0.389,0.267,0.214,0.333,0.385,0.366,0.300
박영현,26,0,26,20,0,0,4,2,6,0,31.0,19,19,18.85,129,33,3,0,6,8,0,2,39,0,0,0,5.52,5.52,5.47,5.47,4.06,1.32,0.22,76,0.355,32.9,3.7,59.8,63.4,3.7,0.5,11.5,9.1,24.7,18.5,16.0,12.3,28.4,55.9,44.1,20,15,13,10,23,38,30,7,4,6,3,13,21,6,0.350,0.267,0.462,0.300,0.565,0.553,0.200
최하늘,26,0,26,4,0,0,1,1,0,1,32.0,19,20,20.85,138,25,4,0,2,16,4,0,18,3,0,2,5.34,5.63,5.86,5.75,5.48,1.28,-0.02,95,0.242,40.0,5.0,49.0,54.0,6.0,0.7,3.7,0.0,17.0,14.0,22.0,20.0,27.0,60.3,39.7,17,14,22,20,27,47,31,6,1,6,3,9,16,3,0.353,0.071,0.273,0.150,0.333,0.340,0.097
박명근,26,0,26,2,0,0,1,1,1,8,21.1,10,10,11.85,95,19,2,0,4,9,3,0,10,2,0,0,4.22,4.22,5.00,5.31,7.00,1.31,0.19,68,0.221,38.4,9.6,50.7,60.3,1.4,0.6,9.1,10.5,18.1,20.8,22.2,19.4,19.4,55.4,44.6,13,15,16,14,14,31,25,6,3,5,3,2,8,6,0.462,0.200,0.313,0.214,0.143,0.258,0.240
임정호,25,0,25,5,0,0,1,2,1,5,19.0,11,12,11.80,92,21,1,0,3,12,1,1,17,1,0,0,5.21,5.68,5.59,5.66,5.80,1.74,0.09,55,0.327,46.8,1.6,43.5,45.2,8.1,1.0,10.7,4.8,21.0,25.8,21.0,17.7,14.5,53.1,46.9,13,16,13,11,9,26,23,7,2,6,3,3,9,6,0.538,0.125,0.462,0.273,0.333,0.346,0.261
김원중,25,0,25,21,0,0,0,2,14,0,28.0,7,7,7.70,115,19,2,0,2,14,1,3,28,0,0,0,2.25,2.25,2.47,2.38,3.99,1.18,1.59,68,0.250,56.9,5.6,36.1,41.7,1.4,1.4,6.7,10.5,20.8,12.5,18.1,26.4,22.2,59.3,40.7,15,9,13,19,16,35,24,4,2,6,3,4,7,6,0.267,0.222,0.462,0.158,0.250,0.200,0.250
김성민,25,0,25,1,0,0,2,1,0,7,25.1,2,4,6.20,94,22,3,0,1,5,1,0,20,0,0,3,0.71,1.42,2.20,2.35,3.43,1.07,1.21,67,0.313,55.9,2.9,33.8,36.8,7.4,1.5,4.0,13.6,20.6,17.6,19.1,25.0,17.6,58.2,41.8,14,12,13,17,12,32,23,6,4,5,1,6,9,8,0.429,0.333,0.385,0.059,0.500,0.281,0.348
고효준,24,0,24,2,0,0,2,0,0,5,20.1,17,18,15.05,100,19,4,0,3,20,1,1,25,1,0,2,7.52,7.97,6.66,6.33,6.08,1.92,0.08,50,0.320,48.1,1.9,44.4,46.3,5.6,1.0,12.0,21.1,25.9,22.2,14.8,24.1,13.0,58.7,41.3,14,12,8,13,7,27,19,5,3,3,5,3,14,2,0.357,0.250,0.375,0.385,0.429,0.519,0.105
주승우,24,0,24,13,0,0,0,5,7,4,22.0,14,14,14.70,96,24,8,0,3,5,2,2,19,0,0,1,5.73,5.73,6.01,6.23,4.37,1.32,0.12,66,0.318,41.4,2.9,51.4,54.3,4.3,0.8,7.9,12.5,24.6,20.3,17.4,17.4,20.3,57.9,42.1,17,14,12,12,14,33,24,7,6,4,3,4,11,9,0.412,0.429,0.333,0.250,0.286,0.333,0.375
박상원,24,0,24,6,0,0,0,2,1,3,21.1,17,18,17.65,97,24,8,0,1,10,2,0,21,1,0,6,7.17,7.59,7.45,7.33,4.04,1.59,-0.12,63,0.365,35.9,7.8,54.7,62.5,1.6,0.6,2.5,0.0,27.0,20.6,15.9,20.6,15.9,48.1,51.9,17,13,10,13,10,26,28,6,5,2,8,3,10,12,0.353,0.385,0.200,0.615,0.300,0.385,0.429
구승민,23,0,23,2,0,0,3,2,0,2,18.1,17,17,21.30,98,30,3,0,5,15,1,0,18,0,0,4,8.35,8.35,10.46,9.89,7.70,2.45,-0.37,57,0.439,45.3,7.8,45.3,53.1,1.6,0.9,14.7,10.0,18.8,23.4,15.6,20.3,21.9,64.8,35.2,12,15,10,13,14,35,19,6,5,7,6,6,18,5,0.500,0.333,0.700,0.462,0.429,0.514,0.263
임준섭,22,0,22,2,0,0,0,0,0,2,11.1,8,8,5.95,53,10,1,1,0,11,2,0,3,0,0,0,6.35,6.35,4.72,4.46,7.10,1.85,0.22,37,0.270,54.1,2.7,32.4,35.1,10.8,1.5,0.0,10.0,13.5,16.2,27.0,29.7,13.5,63.0,37.0,5,6,10,11,5,17,10,1,3,3,2,1,3,4,0.200,0.500,0.300,0.182,0.200,0.176,0.400
김명신,21,0,21,0,0,0,2,1,0,4,18.1,20,20,22.45,97,37,5,0,5,6,1,0,16,1,0,0,9.82,9.82,11.02,11.71,6.45,2.35,-0.50,68,0.471,36.5,9.5,47.3,56.8,6.8,0.6,11.9,5.4,29.7,16.2,18.9,17.6,17.6,51.7,48.3,22,12,14,13,13,31,29,10,6,10,5,6,13,14,0.455,0.500,0.714,0.385,0.462,0.419,0.483
김강률,21,0,21,1,0,0,0,0,0,5,18.1,2,3,2.65,81,18,1,0,1,7,0,0,15,1,0,0,0.98,1.47,1.30,1.40,3.99,1.36,0.92,57,0.298,59.3,3.4,35.6,39.0,1.7,1.5,4.3,11.1,18.6,18.6,20.3,15.3,27.1,66.0,34.0,11,11,12,9,16,31,16,5,3,3,2,5,11,4,0.455,0.273,0.250,0.222,0.313,0.355,0.250
류진욱,21,0,21,3,0,0,1,1,0,5,17.0,15,15,16.90,82,24,6,0,2,7,1,0,12,0,0,1,7.94,7.94,8.95,8.55,5.30,1.82,-0.36,60,0.367,64.5,1.6,30.6,32.3,3.2,2.0,10.0,8.3,13.1,26.2,16.4,24.6,19.7,56.9,43.1,8,16,10,15,12,29,22,4,10,4,3,3,11,9,0.500,0.625,0.400,0.200,0.250,0.379,0.409
최성훈,21,0,21,0,0,0,0,0,0,2,10.1,9,9,7.95,50,11,0,0,1,8,1,1,9,0,0,1,7.84,7.84,6.92,6.70,5.58,1.84,-0.08,31,0.323,43.8,6.3,43.8,50.0,6.3,0.9,6.3,9.1,21.9,15.6,15.6,18.8,28.1,70.4,29.6,7,5,5,6,9,19,8,3,1,2,2,3,7,2,0.429,0.200,0.400,0.333,0.333,0.368,0.250
박정수,20,1,19,2,0,0,1,2,0,3,20.2,13,14,14.55,92,25,3,0,1,9,0,0,16,0,0,2,5.66,6.10,6.34,6.43,4.19,1.65,0.03,66,0.364,43.3,0.0,55.2,55.2,1.5,0.8,2.7,8.0,16.4,13.4,23.9,25.4,20.9,56.9,43.1,11,9,16,17,14,29,22,8,2,9,3,3,12,4,0.727,0.222,0.563,0.176,0.214,0.414,0.182
최이준,20,0,20,9,0,0,3,0,0,0,21.1,15,15,18.75,105,32,5,1,1,14,1,0,14,0,0,1,6.33,6.33,7.91,7.56,5.30,2.16,-0.07,74,0.419,44.7,6.6,46.1,52.6,2.6,0.9,2.5,6.3,14.7,16.0,37.3,13.3,18.7,50.0,50.0,11,12,28,10,14,24,24,5,3,14,3,7,14,4,0.455,0.250,0.500,0.300,0.500,0.583,0.167
한현희,20,2,18,5,0,0,2,1,0,1,32.2,12,13,12.30,134,27,2,0,1,8,6,0,28,3,0,0,3.31,3.58,3.39,3.18,3.75,1.07,1.17,91,0.286,57.6,1.1,37.0,38.0,4.3,1.5,2.9,11.1,20.7,23.9,18.5,19.6,17.4,56.0,44.0,19,22,17,18,16,42,33,5,5,5,2,10,13,9,0.263,0.227,0.294,0.111,0.625,0.310,0.273
장민재,20,0,20,7,0,0,1,1,0,0,22.1,10,10,12.40,110,38,5,0,2,6,1,0,15,0,0,4,4.03,4.03,5.00,4.82,4.56,1.97,0.32,84,0.429,42.0,3.4,52.3,55.7,2.3,0.8,4.1,15.8,26.1,15.9,27.3,14.8,15.9,70.3,29.7,23,14,24,13,14,45,19,10,8,10,2,8,24,4,0.435,0.571,0.417,0.154,0.571,0.533,0.211
이승민,19,4,15,6,0,0,1,2,0,0,31.1,30,31,31.35,158,43,4,1,10,20,2,0,19,4,0,0,8.62,8.90,9.00,8.81,8.66,2.01,-0.48,107,0.308,41.0,4.3,51.3,55.6,3.4,0.7,15.4,7.0,26.5,23.1,15.4,16.2,18.8,54.5,45.5,31,27,18,19,22,54,45,14,7,9,5,8,25,9,0.452,0.259,0.500,0.263,0.364,0.463,0.200
우규민,19,0,19,8,0,0,0,1,0,1,18.2,6,7,8.20,79,23,4,0,0,1,0,0,17,0,0,0,2.89,3.38,3.95,3.72,2.09,1.29,0.40,61,0.377,36.1,8.2,52.5,60.7,3.3,0.6,0.0,13.0,23.0,23.0,18.0,21.3,14.8,52.0,48.0,14,14,11,13,9,26,24,8,4,3,3,5,14,6,0.571,0.286,0.273,0.231,0.556,0.538,0.250
김대우,19,1,18,9,0,0,0,0,0,3,25.0,14,17,16.00,111,29,7,0,3,5,1,1,16,3,0,1,5.04,6.12,5.76,5.63,4.65,1.36,0.07,85,0.306,39.3,9.0,48.3,57.3,3.4,0.7,5.9,6.9,18.0,22.5,15.7,20.2,23.6,54.7,45.3,16,20,14,18,21,41,34,4,8,6,5,6,15,8,0.250,0.400,0.429,0.278,0.286,0.366,0.235
최동환,19,0,19,6,0,0,0,1,0,2,18.0,7,8,8.00,79,23,6,0,0,5,0,0,11,1,0,0,3.50,4.00,4.00,4.17,3.53,1.56,0.32,63,0.365,30.2,11.1,54.0,65.1,4.8,0.5,0.0,4.3,31.7,20.6,12.7,15.9,19.0,67.3,32.7,20,13,8,10,12,37,18,10,3,4,2,4,13,6,0.500,0.231,0.500,0.200,0.333,0.351,0.333
이상동,17,0,17,6,0,0,0,1,0,3,19.0,13,13,17.30,93,25,7,0,1,11,2,1,15,0,1,3,6.16,6.16,8.19,8.17,4.97,1.89,-0.20,64,0.375,33.8,3.1,58.5,61.5,4.6,0.6,2.5,8.0,16.9,24.6,16.9,16.9,24.6,68.5,31.5,11,16,11,11,16,37,17,4,6,5,2,8,16,4,0.364,0.375,0.455,0.182,0.500,0.432,0.235
김건국,17,3,14,3,0,0,0,1,0,0,31.1,22,23,20.75,144,41,8,0,5,10,2,0,20,2,0,3,6.32,6.61,5.96,6.16,5.69,1.63,0.14,107,0.336,45.5,3.6,44.6,48.2,6.3,0.9,9.3,2.4,16.2,27.9,19.8,15.3,20.7,64.0,36.0,18,31,22,17,23,57,32,7,10,9,4,11,24,8,0.389,0.323,0.409,0.235,0.478,0.421,0.250
김도현,17,0,17,5,0,0,1,3,0,2,19.2,9,10,13.25,92,22,1,0,4,9,5,0,15,0,0,1,4.12,4.58,6.06,6.26,6.92,1.58,0.07,57,0.316,46.0,12.7,38.1,50.8,3.2,0.9,12.5,13.6,22.6,22.6,14.5,19.4,21.0,50.9,49.1,14,14,9,12,13,27,26,6,2,3,3,8,11,8,0.429,0.143,0.333,0.250,0.615,0.407,0.308
정철원,17,0,17,10,0,0,2,1,6,0,14.1,7,8,10.05,77,17,3,0,2,13,5,0,15,1,0,0,4.40,5.02,6.31,6.31,7.14,2.09,0.01,42,0.357,29.5,11.4,54.5,65.9,4.5,0.4,6.9,5.9,25.0,11.4,13.6,22.7,27.3,57.9,42.1,11,5,6,10,12,22,16,5,2,2,2,6,12,3,0.455,0.400,0.333,0.200,0.500,0.545,0.188
박민호,17,0,17,7,0,0,2,0,0,0,20.2,7,9,12.10,84,18,2,0,2,6,1,1,10,1,0,0,3.05,3.92,5.27,5.03,5.04,1.16,0.29,65,0.246,40.3,6.0,47.8,53.7,6.0,0.8,5.6,5.6,27.3,18.2,24.2,16.7,13.6,48.0,52.0,18,12,16,11,9,24,26,6,3,5,1,3,6,7,0.333,0.250,0.313,0.091,0.333,0.250,0.269
박시영,17,0,17,3,0,0,0,1,0,0,16.2,10,10,11.90,73,18,5,1,3,5,1,1,15,0,0,3,5.40,5.40,6.43,6.20,5.02,1.38,0.06,47,0.319,46.2,3.8,42.3,46.2,7.7,1.0,12.5,0.0,23.5,19.6,25.5,17.6,13.7,68.4,31.6,12,10,13,9,7,26,12,6,5,3,2,2,8,7,0.500,0.500,0.231,0.222,0.286,0.308,0.583
김선기,16,5,11,3,0,0,2,2,0,0,37.0,25,27,27.00,179,46,7,0,6,17,4,0,16,4,0,2,6.08,6.57,6.57,6.77,6.81,1.70,0.24,134,0.299,43.7,3.5,49.3,52.8,3.5,0.8,8.0,4.3,19.9,21.3,22.0,21.3,15.6,68.2,31.8,28,30,31,30,22,75,35,11,9,12,4,10,30,4,0.393,0.300,0.387,0.133,0.455,0.400,0.114
전준표,16,3,13,4,0,0,2,3,0,0,21.0,13,20,19.00,106,23,2,0,3,15,4,0,13,4,0,3,5.57,8.57,8.14,8.29,7.16,1.81,-0.10,71,0.282,58.1,4.1,33.8,37.8,4.1,1.5,10.7,8.7,20.5,26.0,17.8,16.4,19.2,51.7,48.3,15,19,13,12,14,31,29,5,5,8,3,2,9,6,0.333,0.263,0.615,0.250,0.143,0.290,0.207
오원석,15,14,1,0,0,0,5,3,0,1,71.1,34,34,32.60,309,63,5,1,7,36,6,1,67,2,0,3,4.29,4.29,4.11,4.11,4.80,1.39,2.15,192,0.292,44.5,4.0,48.0,52.0,3.5,0.9,6.7,4.8,15.0,21.5,23.5,21.0,19.0,54.2,45.8,30,43,47,42,38,83,70,12,16,16,8,11,26,21,0.400,0.372,0.340,0.190,0.289,0.313,0.300
엔스,15,15,0,0,0,0,8,2,0,0,79.1,42,47,46.65,352,87,15,0,7,27,2,0,78,7,0,3,4.76,5.33,5.29,5.46,3.93,1.44,1.24,234,0.342,51.8,4.9,40.8,45.7,2.4,1.1,6.3,6.9,20.1,20.1,20.5,22.1,17.2,54.1,45.9,49,49,50,54,42,105,89,19,18,19,12,19,38,30,0.388,0.367,0.380,0.222,0.452,0.362,0.337
코너,15,15,0,0,0,0,5,5,0,0,80.1,42,46,44.45,352,79,11,3,13,25,13,0,81,2,0,4,4.71,5.15,4.98,4.83,5.07,1.29,1.10,219,0.301,37.8,6.0,53.2,59.2,3.0,0.6,9.4,7.6,18.3,19.6,17.8,18.3,26.1,57.7,42.3,42,45,41,42,60,109,80,14,14,15,8,28,44,20,0.333,0.311,0.366,0.190,0.467,0.404,0.250
쿠에바스,15,15,0,0,0,0,4,7,0,0,89.1,39,41,41.00,368,71,16,2,9,29,1,2,90,7,0,2,3.93,4.13,4.13,3.97,3.85,1.12,2.71,238,0.261,44.8,5.2,48.0,53.2,2.0,0.8,6.8,7.0,20.7,17.1,18.7,22.8,20.7,57.5,42.5,51,42,46,56,51,115,85,17,8,14,15,17,38,19,0.333,0.190,0.304,0.268,0.333,0.330,0.224
송명기,15,0,15,4,0,0,2,1,0,1,19.2,12,14,14.00,90,19,4,0,1,9,2,1,20,2,0,2,5.49,6.41,6.41,6.37,3.84,1.42,0.01,58,0.310,32.2,3.4,59.3,62.7,5.1,0.5,2.7,10.5,22.0,25.4,13.6,18.6,20.3,56.9,43.1,13,15,8,11,12,29,22,6,3,0,6,4,12,7,0.462,0.200,0.000,0.545,0.333,0.414,0.318
하트,14,14,0,0,0,0,5,2,0,0,85.0,30,34,34.00,351,81,13,1,6,20,4,0,88,6,0,1,3.18,3.60,3.60,3.69,3.33,1.19,2.54,231,0.325,49.0,4.6,43.5,48.1,2.9,1.0,5.2,6.2,22.2,23.0,18.0,18.0,18.8,53.1,46.9,53,55,43,43,45,104,92,23,14,14,9,21,39,28,0.434,0.255,0.326,0.209,0.467,0.375,0.304
네일,14,14,0,0,0,0,7,2,0,0,85.1,21,32,31.30,356,79,18,1,5,16,6,0,86,11,1,2,2.21,3.38,3.30,3.40,3.18,1.11,3.31,240,0.308,59.7,2.8,34.3,37.1,3.2,1.6,5.4,8.9,15.7,19.0,17.7,27.8,19.8,56.4,43.6,39,47,44,69,49,115,89,17,9,18,17,18,31,30,0.436,0.191,0.409,0.246,0.367,0.270,0.337
김인범,14,9,5,4,0,0,2,4,0,0,49.0,20,21,20.30,218,49,5,1,3,21,6,0,19,2,1,2,3.67,3.86,3.73,3.75,5.67,1.43,1.55,167,0.275,39.5,7.6,47.1,54.7,5.8,0.7,3.2,14.3,24.0,17.5,20.5,19.3,18.7,66.9,33.1,41,30,35,33,32,91,45,17,5,8,6,13,30,11,0.415,0.167,0.229,0.182,0.406,0.330,0.244
이지강,14,0,14,1,0,0,1,1,0,1,17.1,9,9,8.15,78,18,1,0,1,8,1,0,13,1,0,1,4.67,4.67,4.23,4.44,4.62,1.50,0.32,54,0.315,53.6,7.1,33.9,41.1,5.4,1.3,4.3,16.7,25.5,18.2,16.4,21.8,18.2,63.0,37.0,14,10,9,12,10,29,17,5,5,5,1,2,8,5,0.357,0.500,0.556,0.083,0.200,0.276,0.294
곽빈,14,14,0,0,0,0,5,5,0,0,81.2,33,34,31.60,344,71,15,0,2,30,2,0,78,5,1,8,3.64,3.75,3.48,3.50,3.32,1.24,2.98,229,0.301,43.6,7.7,41.9,49.6,6.8,0.9,1.7,8.5,23.1,14.1,17.9,24.8,20.1,56.8,43.2,54,33,42,58,47,109,83,21,10,16,11,13,35,20,0.389,0.303,0.381,0.190,0.277,0.321,0.241
후라도,14,14,0,0,0,0,6,4,0,0,84.1,37,39,38.30,367,95,14,1,8,19,4,0,66,4,1,3,3.95,4.16,4.09,4.25,4.22,1.35,2.45,269,0.323,51.8,2.5,40.6,43.2,5.0,1.2,6.7,12.6,22.8,19.2,18.5,19.9,19.6,66.2,33.8,63,53,51,55,54,149,76,23,17,19,14,22,51,25,0.365,0.321,0.373,0.255,0.407,0.342,0.329
켈리,14,14,0,1,1,0,3,7,0,0,82.2,48,55,55.00,365,99,13,0,13,17,5,0,53,3,0,7,5.23,5.99,5.99,6.09,5.29,1.40,0.81,272,0.316,42.8,4.1,47.9,52.1,5.2,0.8,8.6,7.1,20.4,21.5,14.9,21.5,21.8,65.2,34.8,59,62,43,62,63,161,86,20,20,14,14,31,67,18,0.339,0.323,0.326,0.226,0.492,0.416,0.209
신민혁,14,14,0,0,0,0,5,4,0,0,71.0,32,36,33.75,307,88,16,2,10,5,2,0,45,3,0,1,4.06,4.56,4.28,4.34,4.60,1.31,1.75,245,0.318,31.4,9.0,56.5,65.5,3.1,0.5,6.0,5.7,23.4,17.9,16.3,21.4,21.0,62.6,37.4,59,45,41,54,53,132,79,21,17,12,11,27,60,16,0.356,0.378,0.293,0.204,0.509,0.455,0.203
박세웅,14,14,0,0,0,0,5,5,0,0,78.0,45,52,50.60,349,93,19,0,5,23,5,0,54,7,0,6,5.19,6.00,5.84,5.63,4.35,1.49,1.35,262,0.336,53.2,3.0,41.9,44.9,1.9,1.2,4.2,1.1,19.9,18.0,17.7,20.3,24.1,64.8,35.2,53,48,47,54,64,142,77,25,15,18,12,23,49,26,0.472,0.313,0.383,0.222,0.359,0.345,0.338
엄상백,14,14,0,0,0,0,5,7,0,0,75.0,42,44,44.00,323,80,15,1,13,21,1,0,86,0,0,1,5.04,5.28,5.28,5.12,4.31,1.35,1.44,199,0.337,39.5,7.0,50.7,57.7,2.8,0.7,10.5,8.8,21.5,15.0,22.0,20.6,21.0,62.5,37.5,46,32,47,44,45,105,63,16,11,18,11,23,42,20,0.348,0.344,0.383,0.250,0.511,0.400,0.317
김광현,14,14,0,0,0,0,5,4,0,0,72.2,38,38,37.65,308,70,12,0,11,29,2,0,71,2,0,4,4.71,4.71,4.66,4.53,4.88,1.36,1.92,195,0.303,48.5,3.9,44.7,48.5,2.9,1.0,11.0,5.7,20.9,22.8,18.0,23.3,15.0,65.1,34.9,43,47,37,48,31,110,59,19,15,11,11,14,41,18,0.442,0.319,0.297,0.229,0.452,0.373,0.305
헤이수스,14,14,0,0,0,0,7,4,0,0,79.1,31,33,31.80,331,70,16,1,8,23,7,0,78,3,0,3,3.52,3.74,3.61,3.72,4.12,1.17,2.70,213,0.291,48.0,4.9,44.4,49.3,2.7,1.0,7.3,11.4,22.9,17.0,17.5,21.1,21.5,57.1,42.9,51,38,39,47,48,105,79,23,14,12,8,13,34,24,0.451,0.368,0.308,0.170,0.271,0.324,0.304
양현종,14,14,0,1,1,0,5,3,0,0,86.2,36,38,35.95,362,84,17,3,9,19,4,0,62,5,0,1,3.74,3.95,3.73,3.82,4.47,1.19,2.93,266,0.282,40.1,4.7,50.9,55.6,4.3,0.7,5.8,3.6,24.4,21.8,14.5,18.2,21.1,60.2,39.8,67,60,40,50,58,142,94,23,16,15,13,17,45,24,0.343,0.267,0.375,0.260,0.293,0.317,0.255
레예스,14,14,0,0,0,0,7,3,0,0,74.2,33,35,33.25,326,89,10,2,6,14,3,0,63,2,0,1,3.98,4.22,4.01,3.87,3.75,1.38,1.89,239,0.347,49.6,4.9,43.1,48.0,2.4,1.0,5.1,12.4,19.3,18.1,20.2,21.4,21.0,60.8,39.2,47,44,49,52,51,118,76,20,14,22,13,20,39,28,0.426,0.318,0.449,0.250,0.392,0.331,0.368
박윤성,14,0,14,6,0,0,0,0,0,1,15.2,9,9,9.70,66,10,4,0,4,7,0,0,11,2,0,1,5.17,5.17,5.57,5.60,6.87,1.09,0.14,43,0.140,22.9,6.3,60.4,66.7,10.4,0.3,12.5,0.0,31.9,19.1,21.3,14.9,12.8,48.6,51.4,15,9,10,7,6,18,19,4,3,1,1,1,6,3,0.267,0.333,0.100,0.143,0.167,0.333,0.158
이준호,14,1,13,4,0,0,2,3,0,0,15.2,11,11,11.35,75,20,2,0,2,9,1,0,11,0,0,0,6.32,6.32,6.52,6.70,5.94,1.85,-0.02,51,0.353,55.6,1.9,40.7,42.6,1.9,1.3,8.7,10.0,20.8,28.3,24.5,13.2,13.2,55.0,45.0,11,15,13,7,7,22,18,6,3,4,1,6,11,5,0.545,0.200,0.308,0.143,0.857,0.500,0.278
윌커슨,14,14,0,1,1,1,6,5,0,0,88.2,34,36,36.00,355,90,18,2,10,9,1,0,79,4,0,3,3.45,3.65,3.65,3.50,3.67,1.12,3.44,255,0.314,42.9,7.1,47.4,54.5,2.6,0.8,6.9,7.8,20.4,22.3,15.1,23.0,19.2,54.2,45.8,54,59,40,61,51,122,103,19,16,14,20,21,49,27,0.352,0.271,0.350,0.328,0.412,0.402,0.262
황준서,14,10,4,0,0,0,2,6,0,0,51.1,25,25,24.50,228,47,9,0,6,31,5,0,48,1,0,2,4.38,4.38,4.30,4.16,5.43,1.52,1.44,136,0.302,41.7,6.3,50.7,56.9,1.4,0.7,7.3,8.5,25.2,19.6,21.0,16.8,17.5,54.9,45.1,36,28,30,24,25,62,51,15,10,13,3,6,24,10,0.417,0.357,0.433,0.125,0.240,0.387,0.196
김사윤,14,2,12,5,0,0,0,1,1,0,23.1,11,21,20.15,111,26,4,1,2,17,5,0,19,1,0,2,4.24,8.10,7.77,7.95,6.11,1.84,-0.15,68,0.353,48.6,4.3,42.9,47.1,4.3,1.0,6.1,11.5,31.4,15.7,22.9,12.9,17.1,63.0,37.0,22,11,16,9,12,34,20,11,3,6,1,5,14,6,0.500,0.273,0.375,0.111,0.417,0.412,0.300
원태인,13,13,0,0,0,0,6,3,0,0,74.0,25,27,27.00,311,65,13,2,6,22,4,0,55,4,0,2,3.04,3.28,3.28,3.13,4.40,1.18,2.35,223,0.265,46.1,3.9,47.4,51.3,2.6,0.9,5.1,9.2,15.3,19.2,19.2,21.8,24.5,60.0,40.0,35,44,44,50,56,111,74,12,7,17,11,18,26,22,0.343,0.159,0.386,0.220,0.321,0.234,0.297
윤영철,13,13,0,0,0,0,6,3,0,0,63.2,31,34,32.65,284,66,10,1,8,34,0,0,45,6,0,1,4.38,4.81,4.62,4.70,5.58,1.57,1.54,192,0.302,47.8,5.9,41.5,47.3,4.9,1.0,8.2,9.1,23.0,20.1,22.1,16.7,18.1,69.2,30.8,47,41,45,34,37,110,49,14,12,18,7,15,36,12,0.298,0.293,0.400,0.206,0.405,0.327,0.245
성재헌,13,1,12,2,0,0,0,0,0,1,11.0,13,13,13.20,60,15,6,1,1,11,3,1,6,0,1,1,10.64,10.64,10.80,10.43,7.58,2.36,-0.14,39,0.359,52.5,2.5,37.5,40.0,7.5,1.3,6.3,13.3,17.5,20.0,22.5,15.0,25.0,48.4,51.6,7,8,9,6,10,15,16,3,4,3,2,3,7,5,0.429,0.500,0.333,0.333,0.300,0.467,0.313
송영진,13,8,5,1,0,0,2,3,0,0,42.2,28,33,31.45,195,53,12,2,3,19,0,0,36,3,0,3,5.91,6.96,6.63,6.63,4.31,1.69,0.22,135,0.370,52.9,2.9,39.3,42.1,5.0,1.3,5.1,11.3,17.9,27.1,20.7,16.4,17.9,63.1,36.9,25,38,29,23,25,70,41,12,11,9,6,15,33,11,0.480,0.289,0.310,0.261,0.600,0.471,0.268
우강훈,13,0,13,4,0,0,1,0,0,0,10.2,4,6,5.85,54,11,1,0,0,8,6,0,10,0,0,2,3.38,5.06,4.94,5.00,5.93,1.78,0.11,30,0.367,66.7,0.0,33.3,33.3,0.0,2.0,0.0,18.2,16.7,23.3,10.0,23.3,26.7,51.9,48.1,5,7,3,7,8,14,13,3,0,1,3,4,4,6,0.600,0.000,0.333,0.429,0.500,0.286,0.462
류현진,13,13,0,0,0,0,4,4,0,0,72.0,30,38,36.95,310,81,7,1,1,18,1,0,59,5,0,1,3.75,4.75,4.62,4.63,3.14,1.38,1.74,229,0.349,54.3,7.3,36.2,43.5,2.2,1.2,1.0,12.3,19.5,22.9,19.9,20.3,17.3,54.3,45.7,45,53,46,47,40,101,85,16,14,23,14,14,29,29,0.356,0.264,0.500,0.298,0.350,0.287,0.341
김시훈,13,13,0,0,0,0,2,1,0,0,61.1,30,32,31.30,272,64,13,1,5,35,1,0,45,3,0,1,4.40,4.70,4.59,4.76,5.16,1.61,1.26,185,0.319,46.1,3.1,46.6,49.7,4.2,0.9,5.3,6.3,27.4,21.1,18.9,17.4,15.3,64.3,35.7,52,40,36,33,29,99,55,16,14,11,11,12,38,15,0.308,0.350,0.306,0.333,0.414,0.384,0.273
최성영,13,0,13,5,0,0,0,0,1,1,22.2,23,25,26.55,113,39,6,0,6,9,0,0,16,0,0,0,9.13,9.93,10.54,10.52,6.29,2.12,-0.55,83,0.410,40.9,1.1,53.4,54.5,4.5,0.8,12.5,2.6,22.7,22.7,17.0,21.6,15.9,57.5,42.5,20,20,15,19,14,42,31,10,3,9,8,9,19,11,0.500,0.150,0.600,0.421,0.643,0.452,0.355
손주영,13,13,0,0,0,0,5,3,0,0,65.2,26,31,29.45,290,72,8,0,8,26,4,0,52,6,0,3,3.56,4.25,4.04,4.15,5.09,1.49,1.83,195,0.328,52.9,3.4,38.9,42.3,4.8,1.3,9.1,5.6,23.7,21.3,16.9,21.3,16.9,58.1,41.9,49,44,35,44,35,100,72,22,15,8,13,14,39,25,0.449,0.341,0.229,0.295,0.400,0.390,0.347
카스타노,13,13,0,0,0,0,5,3,0,0,78.2,33,43,42.65,329,74,15,2,8,15,7,0,62,6,0,0,3.78,4.92,4.88,4.95,4.31,1.13,1.40,233,0.283,55.1,3.3,38.4,41.6,3.3,1.3,7.8,12.2,27.0,19.7,12.7,23.0,17.6,61.5,38.5,66,48,31,56,43,131,82,28,16,7,11,12,46,21,0.424,0.333,0.226,0.196,0.279,0.351,0.256
백승현,13,0,13,2,0,0,0,0,1,1,9.2,11,11,9.10,53,13,3,0,0,10,1,2,5,0,0,1,10.24,10.24,8.47,8.64,6.11,2.38,-0.15,35,0.371,56.8,10.8,32.4,43.2,0.0,1.3,0.0,0.0,18.9,27.0,21.6,18.9,13.5,58.6,41.4,7,10,8,7,5,17,12,2,4,3,3,1,5,5,0.286,0.400,0.375,0.429,0.200,0.294,0.417
김호준,12,1,11,4,0,0,1,2,0,0,11.2,8,9,8.30,54,17,4,0,1,2,3,0,6,0,0,0,6.17,6.94,6.40,6.28,5.26,1.63,0.06,40,0.400,41.9,4.7,46.5,51.2,7.0,0.8,4.5,11.8,12.2,24.4,19.5,26.8,17.1,67.6,32.4,5,10,8,11,7,23,11,2,6,3,3,2,8,6,0.400,0.600,0.375,0.273,0.286,0.348,0.545
나균안,12,12,0,0,0,0,1,7,0,0,54.0,49,52,49.75,277,83,12,0,10,33,4,0,50,1,0,7,8.17,8.67,8.29,8.14,6.21,2.15,-0.07,177,0.412,50.0,4.2,41.6,45.8,4.2,1.1,11.5,6.0,23.9,17.6,11.7,18.6,28.2,66.5,33.5,45,33,22,35,53,111,56,25,11,11,9,26,51,21,0.556,0.333,0.500,0.257,0.491,0.459,0.375
이호성,12,10,2,0,0,0,2,4,0,0,38.1,30,31,30.50,183,52,11,1,7,18,2,0,26,0,0,3,7.04,7.28,7.16,6.87,6.30,1.83,-0.05,127,0.354,32.8,5.8,57.7,63.5,3.6,0.5,8.0,9.6,20.6,14.7,22.1,21.3,21.3,65.1,34.9,28,20,30,29,29,69,37,13,7,13,6,13,28,11,0.464,0.350,0.433,0.207,0.448,0.406,0.297
최원태,12,12,0,0,0,0,6,3,0,0,66.1,28,30,27.75,289,58,7,0,6,35,3,0,58,3,0,5,3.80,4.07,3.77,3.92,4.87,1.40,1.95,184,0.283,49.7,5.2,40.4,45.6,4.7,1.1,6.8,10.3,20.8,19.3,13.0,24.5,22.4,59.3,40.7,40,37,25,47,43,99,68,17,8,12,8,13,32,14,0.425,0.216,0.480,0.170,0.302,0.323,0.206
브랜든,12,12,0,0,0,0,6,4,0,0,67.0,24,32,30.45,284,69,9,2,3,10,3,0,66,9,0,2,3.22,4.30,4.09,4.29,2.87,1.18,1.89,198,0.333,57.1,3.4,37.1,40.5,2.4,1.4,3.6,13.0,23.8,20.3,22.3,18.3,15.3,64.3,35.7,48,41,45,37,31,101,56,19,12,16,8,13,28,24,0.396,0.293,0.356,0.216,0.419,0.277,0.429
이교훈,12,0,12,4,0,0,0,0,0,0,12.1,11,14,13.65,58,12,1,1,3,10,0,0,11,1,0,0,8.03,10.22,9.96,10.66,7.38,1.78,-0.11,34,0.265,37.8,2.7,54.1,56.8,5.4,0.7,14.3,0.0,24.3,29.7,18.9,13.5,13.5,56.7,43.3,9,11,7,5,5,17,13,5,3,1,2,1,7,4,0.556,0.273,0.143,0.400,0.200,0.412,0.308
임찬규,12,11,1,0,0,0,3,3,0,1,59.2,30,31,29.10,264,72,20,1,7,21,2,1,59,0,0,1,4.53,4.68,4.39,4.56,4.27,1.56,1.43,174,0.374,45.1,2.2,48.4,50.5,4.4,0.9,7.6,5.6,23.8,14.4,17.7,24.9,19.3,66.4,33.6,43,26,32,45,35,99,50,19,7,18,14,14,42,12,0.442,0.269,0.563,0.311,0.400,0.424,0.240
문동주,11,11,0,0,0,0,3,4,0,0,56.1,41,44,42.60,266,82,13,2,8,21,2,1,42,2,0,4,6.55,7.03,6.81,6.74,5.29,1.83,0.31,190,0.390,52.2,5.0,41.8,46.8,1.0,1.1,8.5,8.5,25.0,20.5,16.0,21.0,17.5,58.0,42.0,50,41,32,42,35,98,71,22,15,14,15,16,38,30,0.440,0.366,0.438,0.357,0.457,0.388,0.423
반즈,11,11,0,0,0,0,3,2,0,0,63.1,25,25,24.30,264,61,8,1,7,20,3,0,79,2,0,2,3.55,3.55,3.45,3.28,3.52,1.28,2.55,153,0.353,52.5,6.8,35.8,42.6,4.9,1.2,10.1,8.2,29.2,22.4,16.1,15.5,16.8,65.2,34.8,47,36,26,25,27,88,47,25,7,13,4,12,34,14,0.532,0.194,0.500,0.160,0.444,0.386,0.298
황동하,11,8,3,3,0,0,2,3,0,0,43.0,22,27,26.85,192,49,9,0,8,15,3,0,29,3,0,3,4.60,5.65,5.62,5.74,6.03,1.49,0.72,136,0.302,47.6,4.1,46.2,50.3,2.1,0.9,11.0,6.1,18.6,21.4,18.6,17.2,24.1,61.9,38.1,27,31,27,25,35,73,45,10,7,6,6,20,29,14,0.370,0.226,0.222,0.240,0.571,0.397,0.311
박진,11,0,11,3,0,0,0,2,0,0,11.2,6,6,5.15,51,16,3,0,1,3,0,0,5,0,0,0,4.63,4.63,3.97,3.66,4.95,1.63,0.30,41,0.366,46.5,4.7,48.8,53.5,0.0,0.9,4.3,18.8,18.6,18.6,23.3,23.3,16.3,72.7,27.3,8,8,10,10,7,24,9,3,3,5,2,3,10,1,0.375,0.375,0.500,0.200,0.429,0.417,0.111
오석주,11,0,11,6,0,0,1,1,0,0,12.0,12,12,10.80,59,17,4,1,0,7,1,1,12,1,0,1,9.00,9.00,8.10,8.28,3.77,2.00,-0.05,38,0.447,46.2,7.7,46.2,53.8,0.0,0.9,0.0,11.8,20.5,25.6,23.1,20.5,10.3,66.7,33.3,8,10,9,8,4,20,10,4,5,5,3,0,7,5,0.500,0.500,0.556,0.375,0.000,0.350,0.500
벤자민,11,11,0,0,0,0,5,4,0,0,58.2,29,31,29.15,238,44,10,2,9,18,2,0,59,4,0,0,4.45,4.76,4.47,4.39,4.57,1.06,1.59,148,0.237,47.8,4.4,43.4,47.8,4.4,1.0,11.8,9.1,24.5,25.8,17.6,15.7,16.4,64.1,35.9,39,41,28,25,26,84,47,15,8,10,3,8,24,10,0.385,0.195,0.357,0.120,0.308,0.286,0.213
육청명,11,9,2,1,0,0,1,4,0,0,40.2,23,27,24.95,190,47,11,1,5,19,6,2,19,6,0,3,5.09,5.98,5.52,5.61,6.33,1.62,0.62,139,0.302,41.8,5.5,49.3,54.8,3.4,0.8,6.3,2.1,24.0,16.4,24.7,19.9,15.1,61.8,38.2,35,24,36,29,22,68,42,13,2,16,11,5,26,5,0.371,0.083,0.444,0.379,0.227,0.382,0.119
김동주,11,7,4,2,0,0,1,1,0,0,39.2,26,33,30.80,194,50,9,2,2,18,4,0,29,3,1,6,5.90,7.49,6.99,7.28,4.69,1.71,-0.05,140,0.343,54.5,4.9,37.8,42.7,2.8,1.3,3.3,10.0,16.1,23.8,13.3,20.3,26.6,63.7,36.3,23,34,19,29,38,79,45,9,7,10,12,12,28,12,0.391,0.206,0.526,0.414,0.316,0.354,0.267
하영민,11,11,0,0,0,0,4,3,0,0,52.1,29,32,32.00,241,64,11,2,4,20,3,0,38,3,0,5,4.99,5.50,5.50,5.66,4.66,1.61,0.85,175,0.343,43.9,5.0,45.0,50.0,6.1,0.9,4.4,9.4,20.1,15.6,14.0,25.1,25.1,61.9,38.1,36,28,25,45,45,96,59,13,10,8,13,20,40,16,0.361,0.357,0.320,0.289,0.444,0.417,0.271
원상현,11,10,1,0,0,0,2,5,0,0,43.2,39,41,37.75,215,72,13,2,5,20,2,0,36,0,1,5,8.04,8.45,7.78,7.89,5.06,2.11,-0.08,151,0.444,50.3,1.9,40.8,42.7,7.0,1.2,7.5,4.2,25.0,16.7,19.9,15.4,23.1,61.6,38.4,39,26,31,24,36,77,48,20,8,18,9,17,30,24,0.513,0.308,0.581,0.375,0.472,0.390,0.500
산체스,11,11,0,0,0,0,2,3,0,0,53.1,25,28,25.80,245,60,9,1,2,21,10,1,56,4,1,2,4.22,4.73,4.35,4.37,3.82,1.52,1.52,155,0.374,52.5,7.0,39.2,46.2,1.3,1.1,2.7,5.0,20.0,21.3,18.1,20.0,20.6,53.9,46.1,31,33,28,31,32,69,59,17,13,10,4,16,27,23,0.548,0.394,0.357,0.129,0.500,0.391,0.390
김기중,11,2,9,4,0,0,2,0,0,0,21.2,8,8,8.00,96,23,2,0,1,7,3,0,15,0,0,0,3.32,3.32,3.32,3.29,4.45,1.38,0.72,70,0.314,50.7,4.2,40.8,45.1,4.2,1.1,3.1,13.0,19.7,22.5,11.3,23.9,22.5,58.7,41.3,14,16,8,17,16,37,26,3,9,3,3,5,14,6,0.214,0.563,0.375,0.176,0.313,0.378,0.231
양현,11,0,11,2,0,0,0,1,0,1,8.0,7,7,6.85,41,15,2,0,2,3,1,0,7,0,0,0,7.88,7.88,7.71,7.47,6.54,2.25,-0.07,27,0.482,30.0,10.0,56.7,66.7,3.3,0.5,10.0,13.3,23.3,16.7,23.3,26.7,10.0,60.9,39.1,7,5,7,8,3,14,9,2,4,3,5,1,8,4,0.286,0.800,0.429,0.625,0.333,0.571,0.444
한승주,10,0,10,5,0,0,0,1,0,0,11.2,16,19,17.45,65,23,4,1,1,6,2,0,7,2,0,0,12.34,14.66,13.46,13.26,5.85,2.49,-0.27,48,0.458,46.0,4.0,50.0,54.0,0.0,0.9,3.7,8.7,16.3,24.5,24.5,16.3,18.4,59.5,40.5,8,12,12,8,9,22,15,4,4,5,5,4,10,7,0.500,0.333,0.417,0.625,0.444,0.455,0.467
최원준,10,10,0,0,0,0,4,4,0,0,45.2,35,35,32.05,209,55,13,2,9,16,5,0,31,1,0,0,6.90,6.90,6.32,6.52,6.27,1.55,0.27,148,0.311,32.5,4.5,58.0,62.4,5.1,0.5,9.2,5.5,17.8,21.7,17.2,20.4,22.9,59.2,40.8,28,34,27,32,36,77,53,10,5,11,11,18,31,13,0.357,0.147,0.407,0.344,0.500,0.403,0.245
최준호,10,9,1,0,0,0,2,2,0,0,45.0,21,24,24.15,199,47,6,2,7,18,2,0,35,2,0,2,4.20,4.80,4.83,4.97,5.49,1.44,0.97,137,0.292,36.8,7.6,52.1,59.7,3.5,0.6,8.1,4.3,18.1,22.9,18.1,22.9,18.1,59.3,40.7,26,33,26,33,26,70,48,8,9,9,9,12,26,12,0.308,0.273,0.346,0.273,0.462,0.371,0.250
이기순,10,2,8,2,0,0,1,1,0,0,19.2,8,10,9.15,94,12,1,0,2,23,1,0,24,0,0,1,3.66,4.58,4.19,4.12,6.14,1.78,0.39,43,0.233,34.8,6.5,52.2,58.7,6.5,0.6,7.4,0.0,21.7,23.9,13.0,10.9,30.4,60.0,40.0,10,11,6,5,14,24,16,4,3,2,0,3,7,3,0.400,0.273,0.333,0.000,0.214,0.292,0.188
윤석원,10,0,10,3,0,0,0,0,0,0,15.0,21,23,23.90,77,29,11,0,3,6,1,0,1,2,1,3,12.60,13.80,14.34,14.51,7.86,2.33,-0.31,65,0.400,32.9,4.3,55.7,60.0,7.1,0.5,7.1,3.4,24.6,17.4,18.8,21.7,17.4,50.0,50.0,17,12,13,15,12,28,28,6,6,6,5,6,8,15,0.353,0.500,0.462,0.333,0.500,0.286,0.536
이종준,10,0,10,5,0,0,0,0,0,0,9.1,4,4,4.35,47,13,3,0,1,6,0,0,13,0,0,0,3.86,3.86,4.19,4.29,3.99,2.04,0.13,27,0.444,60.7,0.0,32.1,32.1,7.1,1.9,11.1,0.0,32.1,14.3,21.4,10.7,21.4,77.3,22.7,9,4,6,3,6,17,5,5,0,4,1,3,7,2,0.556,0.000,0.667,0.333,0.500,0.412,0.400
전사민,10,0,10,6,0,0,0,0,0,0,14.0,8,8,8.70,69,21,2,0,0,6,1,0,11,0,1,1,5.14,5.14,5.59,5.55,3.79,1.93,0.08,51,0.412,58.8,3.9,33.3,37.3,3.9,1.6,0.0,19.0,19.6,21.6,15.7,25.5,17.6,60.5,39.5,10,11,8,13,9,26,17,3,3,4,5,6,10,7,0.300,0.273,0.500,0.385,0.667,0.385,0.412
진해수,10,0,10,0,0,0,0,0,0,1,6.0,2,2,1.80,24,4,1,0,0,2,1,1,4,0,0,0,3.00,3.00,2.70,2.55,4.08,1.00,0.27,17,0.235,70.6,5.9,17.6,23.5,5.9,3.0,0.0,0.0,11.8,11.8,23.5,23.5,29.4,69.2,30.8,2,2,4,4,5,9,4,0,0,1,0,3,3,0,0.000,0.000,0.250,0.000,0.600,0.333,0.000
이태양,10,1,9,3,0,0,0,2,0,0,9.1,12,13,14.20,48,17,3,0,4,2,0,0,2,1,0,0,11.57,12.54,13.69,14.03,9.43,2.04,-0.31,40,0.325,43.2,4.5,47.7,52.3,4.5,0.8,17.4,5.9,31.8,13.6,13.6,20.5,20.5,73.7,26.3,14,6,6,9,9,28,10,8,2,3,2,2,12,2,0.571,0.333,0.500,0.222,0.222,0.429,0.200
서의태,10,0,10,2,0,0,1,0,0,0,7.2,8,8,6.45,32,5,1,0,1,6,0,0,7,0,0,1,9.39,9.39,7.57,7.70,5.90,1.43,0.01,18,0.222,68.4,0.0,26.3,26.3,5.3,2.6,20.0,0.0,26.3,15.8,21.1,15.8,21.1,53.3,46.7,5,3,4,3,4,8,7,1,1,0,0,3,3,2,0.200,0.333,0.000,0.000,0.750,0.375,0.286
이승현,10,10,0,0,0,0,4,3,0,0,51.2,20,23,20.90,226,46,8,1,3,23,4,0,45,3,0,2,3.48,4.01,3.64,3.49,4.33,1.34,1.49,149,0.289,51.3,5.8,38.3,44.2,4.5,1.2,4.4,6.5,25.3,19.5,19.5,20.1,15.6,59.7,40.3,39,30,30,31,24,74,50,11,7,16,7,5,22,8,0.282,0.233,0.533,0.226,0.208,0.297,0.160
윤중현,10,0,10,3,0,0,0,0,0,0,9.1,12,13,15.25,53,18,2,1,4,7,3,1,4,1,0,0,11.57,12.54,14.71,14.88,11.22,2.68,-0.27,35,0.400,38.5,2.6,48.7,51.3,10.3,0.8,20.0,0.0,15.8,15.8,23.7,28.9,15.8,44.8,55.2,6,6,9,11,6,13,16,4,2,3,6,3,7,8,0.667,0.333,0.333,0.545,0.500,0.538,0.500
이승현,10,10,0,0,0,0,4,3,0,0,51.2,20,23,20.90,226,46,8,1,3,23,4,0,45,3,0,2,3.48,4.01,3.64,3.49,4.33,1.34,1.49,149,0.289,51.3,5.8,38.3,44.2,4.5,1.2,4.4,6.5,19.6,18.5,17.4,15.2,29.3,51.9,48.1,18,17,16,14,27,40,37,5,4,7,3,13,12,13,0.278,0.235,0.438,0.214,0.481,0.300,0.351
이승현,10,10,0,0,0,0,4,3,0,0,51.2,20,23,20.90,226,46,8,1,3,23,4,0,45,3,0,2,3.48,4.01,3.64,3.49,4.33,1.34,1.49,91,0.319,37.2,3.2,55.3,58.5,4.3,0.6,5.5,3.1,25.3,19.5,19.5,20.1,15.6,59.7,40.3,39,30,30,31,24,74,50,11,7,16,7,5,22,8,0.282,0.233,0.533,0.226,0.208,0.297,0.160
이승현,10,10,0,0,0,0,4,3,0,0,51.2,20,23,20.90,226,46,8,1,3,23,4,0,45,3,0,2,3.48,4.01,3.64,3.49,4.33,1.34,1.49,91,0.319,37.2,3.2,55.3,58.5,4.3,0.6,5.5,3.1,19.6,18.5,17.4,15.2,29.3,51.9,48.1,18,17,16,14,27,40,37,5,4,7,3,13,12,13,0.278,0.235,0.438,0.214,0.481,0.300,0.351
알칸타라,9,9,0,0,0,0,1,2,0,0,51.2,23,24,23.65,214,46,5,3,7,16,2,0,22,2,0,0,4.01,4.18,4.12,4.37,5.83,1.20,1.34,165,0.236,47.1,4.6,45.4,50.0,2.9,0.9,8.0,10.9,20.1,24.1,17.2,19.5,19.0,64.6,35.4,35,42,30,34,33,93,51,9,5,9,8,15,29,8,0.257,0.119,0.300,0.235,0.455,0.312,0.157
장지수,9,0,9,3,0,0,0,0,0,0,9.2,15,16,12.75,53,15,4,1,0,9,1,2,7,1,0,1,13.97,14.90,11.87,11.48,4.96,2.48,-0.13,36,0.417,38.9,8.3,50.0,58.3,2.8,0.7,0.0,6.7,20.0,14.3,17.1,25.7,22.9,48.3,51.7,7,5,6,9,8,14,15,3,2,2,5,3,5,8,0.429,0.400,0.333,0.556,0.375,0.357,0.533
서진용,9,0,9,1,0,0,0,1,0,0,8.1,5,5,5.30,36,6,1,0,0,8,0,1,4,1,0,0,5.40,5.40,5.72,5.62,5.61,1.68,0.05,24,0.250,62.5,4.2,29.2,33.3,4.2,1.9,0.0,33.3,21.7,21.7,13.0,17.4,26.1,50.0,50.0,5,5,3,4,6,10,10,1,0,1,1,3,2,3,0.200,0.000,0.333,0.250,0.500,0.200,0.300
페냐,9,9,0,0,0,0,3,5,0,0,37.1,26,28,27.30,171,41,6,0,6,20,0,0,29,1,0,1,6.27,6.75,6.58,6.48,5.83,1.63,0.32,116,0.302,37.7,3.3,54.1,57.4,4.9,0.7,8.6,4.9,20.5,21.3,11.5,19.7,27.0,62.0,38.0,25,26,14,24,33,67,41,9,6,6,9,11,23,12,0.360,0.231,0.429,0.375,0.333,0.343,0.293
김연주,9,0,9,6,0,0,0,0,0,0,7.1,8,9,9.00,38,9,1,0,2,7,0,0,3,0,0,1,9.82,11.05,11.05,11.20,9.38,2.18,-0.07,26,0.269,32.1,3.6,60.7,64.3,3.6,0.5,11.1,0.0,21.4,32.1,10.7,17.9,17.9,52.0,48.0,6,9,3,5,5,13,12,3,1,1,1,3,5,3,0.500,0.111,0.333,0.200,0.600,0.385,0.250
이재학,8,8,0,0,0,0,2,5,0,0,41.2,23,26,25.65,183,39,8,3,6,17,3,0,38,2,0,0,4.97,5.62,5.54,5.62,5.12,1.34,0.50,117,0.282,40.0,5.6,48.0,53.6,6.4,0.7,9.0,10.3,23.2,17.6,20.8,15.2,23.2,55.6,44.4,29,22,26,19,29,55,44,9,7,6,8,9,21,12,0.310,0.318,0.231,0.421,0.310,0.382,0.273
박종훈,8,7,1,1,0,0,1,3,0,0,27.2,23,24,22.10,132,31,7,0,6,17,6,0,26,0,0,1,7.48,7.81,7.19,7.03,7.01,1.73,0.11,77,0.325,53.0,6.0,39.8,45.8,1.2,1.2,15.8,3.2,21.7,22.9,19.3,8.4,27.7,59.7,40.3,18,19,16,7,23,40,27,10,6,5,2,8,18,8,0.556,0.316,0.313,0.286,0.348,0.450,0.296
한차현,8,4,4,2,0,0,0,3,0,0,17.2,18,19,17.05,89,24,3,1,4,13,0,0,15,1,0,2,9.17,9.68,8.69,8.68,7.05,2.09,-0.19,57,0.351,42.6,4.9,47.5,52.5,4.9,0.8,12.5,0.0,25.0,21.7,16.7,18.3,18.3,72.0,28.0,15,13,10,11,11,36,14,7,3,2,6,6,19,3,0.467,0.231,0.200,0.545,0.545,0.528,0.214
김대유,8,0,8,4,0,0,0,0,0,0,6.0,8,8,7.00,32,10,2,0,2,4,0,0,4,0,0,0,12.00,12.00,10.50,10.99,8.57,2.33,-0.03,22,0.364,25.0,4.2,66.7,70.8,4.2,0.4,11.8,10.0,30.4,0.0,17.4,30.4,21.7,60.0,40.0,7,0,4,7,5,12,8,5,0,1,1,3,7,2,0.714,,0.250,0.143,0.600,0.583,0.250
크로우,8,8,0,0,0,0,5,1,0,0,40.1,16,19,18.00,172,41,7,0,2,12,1,1,43,1,0,0,3.57,4.24,4.02,4.29,3.05,1.31,1.13,114,0.342,55.2,3.4,37.1,40.5,4.3,1.4,4.3,7.3,17.2,14.7,19.8,23.3,25.0,60.2,39.8,20,17,23,27,29,56,37,11,2,8,5,15,21,12,0.550,0.118,0.348,0.185,0.517,0.375,0.324
정지헌,8,0,8,1,0,0,0,0,0,1,7.0,8,8,7.50,37,11,1,0,0,6,1,0,3,0,0,0,10.29,10.29,9.64,9.79,6.23,2.43,-0.10,27,0.407,37.0,0.0,55.6,55.6,7.4,0.7,0.0,0.0,22.2,25.9,14.8,25.9,11.1,52.2,47.8,6,7,4,7,3,12,11,3,2,1,3,2,3,7,0.500,0.286,0.250,0.429,0.667,0.250,0.636
문용익,8,0,8,1,0,0,0,0,0,0,9.2,15,16,16.00,56,13,2,0,2,12,2,0,9,1,0,2,13.97,14.90,14.90,15.36,8.83,2.59,-0.20,30,0.367,51.5,6.1,42.4,48.5,0.0,1.1,12.5,7.7,24.2,21.2,15.2,21.2,18.2,64.3,35.7,8,7,5,7,6,18,10,2,3,2,2,4,7,4,0.250,0.429,0.400,0.286,0.667,0.389,0.400
이인복,7,5,2,1,0,0,0,2,0,0,30.0,28,28,29.05,143,45,12,0,8,11,2,0,19,1,0,4,8.40,8.40,8.72,8.30,7.13,1.87,0.02,102,0.363,49.5,1.8,47.7,49.5,0.9,1.0,14.5,4.4,30.6,16.2,12.6,18.9,21.6,58.8,41.2,34,18,14,21,24,57,40,16,6,6,3,14,24,15,0.471,0.333,0.429,0.143,0.583,0.421,0.375
엘리아스,7,7,0,0,0,0,2,3,0,0,40.0,21,24,24.00,176,44,5,0,5,10,3,0,34,4,0,2,4.73,5.40,5.40,5.21,4.57,1.35,0.81,123,0.317,45.3,3.9,50.0,53.9,0.8,0.8,7.2,6.8,21.1,18.8,15.6,25.8,18.8,52.8,47.2,27,24,20,33,24,57,51,13,9,7,8,7,22,15,0.481,0.375,0.350,0.242,0.292,0.386,0.294
김동혁,7,0,7,4,0,0,0,2,0,0,9.2,8,8,9.20,47,11,2,0,3,8,0,0,5,0,0,0,7.45,7.45,8.57,8.64,9.17,1.97,-0.13,31,0.258,26.5,11.8,50.0,61.8,11.8,0.4,14.3,9.1,14.7,26.5,23.5,8.8,26.5,61.5,38.5,5,9,8,3,9,16,10,2,2,4,1,2,7,0,0.400,0.222,0.500,0.333,0.222,0.438,0.000
윤호솔,7,0,7,2,0,0,0,0,0,0,4.1,2,2,1.65,24,4,0,0,0,8,0,0,5,0,0,0,4.15,4.15,3.43,3.63,7.04,2.77,0.10,11,0.364,27.3,0.0,72.7,72.7,0.0,0.4,0.0,0.0,27.3,45.5,0.0,18.2,9.1,45.5,54.5,3,5,0,2,1,5,6,1,1,0,1,1,3,1,0.333,0.200,,0.500,1.000,0.600,0.167
박진형,6,0,6,0,0,0,0,0,0,0,5.2,3,3,2.65,22,6,1,0,0,1,1,0,3,0,0,0,4.76,4.76,4.21,4.11,3.97,1.24,0.12,16,0.375,41.2,5.9,52.9,58.8,0.0,0.7,0.0,16.7,17.6,23.5,17.6,29.4,11.8,71.4,28.6,3,4,3,5,2,10,4,2,1,1,1,1,5,0,0.667,0.250,0.333,0.200,0.500,0.500,0.000
이선우,6,1,5,3,0,0,0,0,0,0,10.0,6,6,5.35,45,10,0,0,0,4,2,0,4,0,0,0,5.40,5.40,4.82,4.98,5.06,1.40,0.14,35,0.286,51.4,2.9,45.7,48.6,0.0,1.1,0.0,10.0,17.1,25.7,14.3,17.1,25.7,50.0,50.0,6,9,5,6,9,15,15,1,2,3,2,2,4,3,0.167,0.222,0.600,0.333,0.222,0.267,0.200
손현기,6,2,4,2,0,0,0,1,0,0,14.1,12,14,13.30,69,17,3,1,2,8,3,0,9,0,0,3,7.53,8.79,8.35,8.64,6.67,1.74,-0.07,47,0.319,40.8,6.1,46.9,53.1,6.1,0.8,7.7,0.0,20.4,26.5,12.2,24.5,16.3,51.2,48.8,10,13,6,12,8,22,21,4,2,3,4,4,5,9,0.400,0.154,0.500,0.333,0.500,0.227,0.429
김민규,6,1,5,2,0,0,0,0,0,0,9.0,4,6,3.95,40,7,3,0,1,7,0,0,5,1,0,1,4.00,6.00,3.95,3.91,6.55,1.56,0.30,26,0.231,32.1,14.3,50.0,64.3,3.6,0.5,5.6,0.0,25.9,14.8,18.5,22.2,18.5,54.5,45.5,7,4,5,6,5,12,10,4,2,1,0,0,5,1,0.571,0.500,0.200,0.000,0.000,0.417,0.100
이건욱,6,2,4,1,0,0,1,2,0,0,13.1,15,16,16.15,71,22,3,0,3,8,2,0,11,2,0,3,10.13,10.80,10.90,11.27,7.14,2.25,-0.30,47,0.404,32.0,4.0,58.0,62.0,6.0,0.5,9.7,4.5,30.0,18.0,14.0,12.0,26.0,72.1,27.9,15,9,7,6,13,31,12,9,2,2,3,6,18,2,0.600,0.222,0.286,0.500,0.462,0.581,0.167
더거,6,6,0,0,0,0,0,3,0,0,22.2,32,33,33.00,116,37,7,3,2,10,3,0,18,1,0,0,12.71,13.10,13.10,12.74,5.04,2.07,-0.54,83,0.422,50.6,3.5,42.4,45.9,3.5,1.1,5.1,10.8,28.9,14.5,16.9,18.1,21.7,78.3,21.7,24,12,14,15,18,54,15,12,5,6,7,7,26,5,0.500,0.417,0.429,0.467,0.389,0.481,0.333
김서현,6,0,6,0,0,0,0,0,0,0,7.0,2,3,4.55,37,5,1,0,0,9,2,0,4,1,0,0,2.57,3.86,5.85,5.91,7.64,2.00,0.05,22,0.227,40.9,9.1,45.5,54.5,4.5,0.8,0.0,0.0,22.7,18.2,9.1,18.2,31.8,55.0,45.0,5,4,2,4,7,11,9,1,1,1,0,2,2,2,0.200,0.250,0.500,0.000,0.286,0.182,0.222
조이현,6,0,6,2,0,0,0,0,0,0,6.1,9,9,9.15,34,13,1,0,2,2,0,0,4,0,0,0,12.79,12.79,13.00,12.55,7.36,2.37,-0.17,26,0.423,50.0,3.6,42.9,46.4,3.6,1.1,15.4,15.4,17.9,21.4,14.3,17.9,28.6,79.2,20.8,5,6,4,5,8,19,5,3,2,3,2,3,7,3,0.600,0.333,0.750,0.400,0.375,0.368,0.600
이채호,6,0,6,1,0,0,0,0,0,0,3.2,4,4,2.80,22,7,0,0,0,3,1,0,2,0,0,0,9.82,9.82,6.87,7.24,6.22,2.73,-0.02,16,0.438,50.0,6.3,43.8,50.0,0.0,1.0,0.0,28.6,18.8,18.8,18.8,25.0,18.8,53.8,46.2,3,3,3,4,3,7,6,1,2,2,2,0,4,1,0.333,0.667,0.667,0.500,0.000,0.571,0.167
정우영,6,0,6,1,0,0,0,0,0,0,5.2,1,1,1.85,28,8,0,0,0,2,3,0,6,0,0,0,1.59,1.59,2.94,3.16,4.29,1.76,0.16,17,0.471,76.5,5.9,17.6,23.5,0.0,3.3,0.0,12.5,29.4,23.5,11.8,23.5,11.8,73.3,26.7,5,4,2,4,2,11,4,4,0,2,1,1,4,2,0.800,0.000,1.000,0.250,0.500,0.364,0.500
임기영,6,1,5,0,0,0,2,1,0,0,11.0,6,6,8.55,52,14,1,0,2,5,0,0,9,0,0,0,4.91,4.91,7.00,7.39,5.73,1.73,0.03,36,0.333,23.7,7.9,63.2,71.1,5.3,0.3,7.4,0.0,21.6,21.6,21.6,18.9,16.2,70.0,30.0,8,8,8,7,6,21,9,4,2,1,2,5,12,1,0.500,0.250,0.125,0.286,0.833,0.571,0.111
이종민,6,6,0,0,0,0,0,5,0,0,26.0,19,20,17.60,120,28,6,1,3,12,3,1,12,2,1,0,6.58,6.92,6.09,6.20,6.09,1.54,0.31,90,0.278,36.6,7.5,50.5,58.1,5.4,0.6,5.6,7.1,23.7,21.5,14.0,14.0,26.9,57.5,42.5,22,20,13,13,25,46,34,10,4,4,2,8,15,9,0.455,0.200,0.308,0.154,0.320,0.326,0.265
김윤하,6,0,6,0,0,0,0,0,0,2,8.2,11,12,11.15,50,17,4,0,0,7,0,0,8,0,0,1,11.42,12.46,11.58,11.96,4.40,2.77,-0.17,35,0.486,45.7,2.9,45.7,48.6,5.7,0.9,0.0,0.0,37.1,11.4,8.6,28.6,14.3,53.1,46.9,13,4,3,10,5,17,15,7,0,2,4,4,9,6,0.538,0.000,0.667,0.400,0.800,0.529,0.400
박신지,6,1,5,1,0,0,0,1,0,0,8.2,2,3,4.05,41,8,2,0,0,8,1,0,3,1,0,0,2.08,3.12,4.21,4.24,6.55,1.85,0.13,28,0.286,41.4,0.0,58.6,58.6,0.0,0.7,0.0,0.0,17.2,34.5,17.2,20.7,10.3,62.5,37.5,5,10,5,6,3,15,9,1,2,2,2,1,6,0,0.200,0.200,0.400,0.333,0.333,0.400,0.000
이형범,6,0,6,1,0,0,0,0,0,1,5.0,4,5,5.00,27,6,1,0,0,3,3,1,3,1,0,0,7.20,9.00,9.00,9.52,6.42,1.80,-0.10,18,0.333,66.7,5.6,27.8,33.3,0.0,2.0,0.0,0.0,16.7,33.3,16.7,11.1,22.2,66.7,33.3,3,6,3,2,4,10,5,1,1,2,1,1,3,1,0.333,0.167,0.667,0.500,0.250,0.300,0.200
앤더슨,6,6,0,0,0,0,2,1,0,0,25.0,14,15,15.00,113,31,5,1,2,8,1,0,39,0,1,2,5.04,5.40,5.40,5.22,2.37,1.56,0.47,62,0.468,36.9,9.2,50.8,60.0,3.1,0.6,5.1,6.5,15.6,17.2,21.9,25.0,20.3,52.0,48.0,10,11,14,16,13,26,24,7,2,6,8,8,12,13,0.700,0.182,0.429,0.500,0.615,0.462,0.542
배재환,6,0,6,2,0,0,0,1,0,0,6.2,4,4,3.30,30,5,1,0,1,5,0,1,5,0,0,0,5.40,5.40,4.45,4.09,6.44,1.50,0.11,18,0.222,15.0,15.0,65.0,80.0,5.0,0.2,6.3,0.0,10.0,30.0,10.0,35.0,15.0,38.9,61.1,2,6,2,7,3,7,11,1,4,0,0,0,2,3,0.500,0.667,0.000,0.000,0.000,0.286,0.273
윤대경,5,0,5,0,0,0,0,0,0,0,5.2,7,7,8.20,29,6,2,0,1,5,1,1,6,0,0,0,11.12,11.12,13.02,12.63,6.94,1.94,-0.13,16,0.313,5.9,0.0,94.1,94.1,0.0,0.1,6.3,0.0,35.3,17.6,5.9,11.8,29.4,50.0,50.0,6,3,1,2,5,8,8,1,1,0,0,4,2,4,0.167,0.333,0.000,0.000,0.800,0.250,0.500
정우준,5,0,5,4,0,0,0,0,0,0,5.0,2,2,2.70,21,5,1,0,1,2,0,0,3,0,0,0,3.60,3.60,4.86,4.70,6.32,1.40,0.06,15,0.267,56.3,0.0,43.8,43.8,0.0,1.3,14.3,0.0,12.5,12.5,31.3,18.8,25.0,63.6,36.4,2,2,5,3,4,7,4,1,0,2,0,2,3,0,0.500,0.000,0.400,0.000,0.500,0.429,0.000
조동욱,5,5,0,0,0,0,1,1,0,0,21.1,15,16,16.00,100,26,4,0,1,9,4,0,13,1,1,0,6.33,6.75,6.75,6.41,5.12,1.64,0.12,72,0.347,45.9,5.4,44.6,50.0,4.1,0.9,2.7,3.8,14.9,28.4,14.9,20.3,21.6,47.6,52.4,11,21,11,15,16,30,33,2,8,3,2,11,8,15,0.182,0.381,0.273,0.133,0.688,0.267,0.455
김유성,5,5,0,0,0,0,1,1,0,0,13.1,10,10,9.65,68,17,7,0,1,10,3,0,9,0,0,0,6.75,6.75,6.51,6.87,6.43,2.03,0.09,45,0.356,37.0,4.3,56.5,60.9,2.2,0.6,3.6,5.9,34.8,15.2,13.0,17.4,19.6,60.0,40.0,16,7,6,8,9,24,16,8,1,1,3,4,11,5,0.500,0.143,0.167,0.375,0.444,0.458,0.313
이상민,4,0,4,0,0,0,0,0,0,0,5.0,4,4,4.00,24,7,1,0,0,1,2,0,2,0,0,0,7.20,7.20,7.20,7.73,5.06,1.60,-0.06,19,0.368,42.1,5.3,47.4,52.6,5.3,0.8,0.0,14.3,50.0,27.8,11.1,5.6,5.6,31.3,68.8,9,5,2,1,1,5,11,4,1,2,0,0,3,2,0.444,0.200,1.000,0.000,0.000,0.600,0.182
이의리,4,4,0,0,0,0,1,0,0,0,13.1,8,10,10.00,69,17,3,0,3,14,0,0,14,1,0,0,5.40,6.75,6.75,6.94,7.51,2.33,0.08,38,0.368,46.3,2.4,51.2,53.7,0.0,0.9,13.6,11.8,19.5,17.1,22.0,19.5,22.0,53.1,46.9,8,7,9,8,9,17,15,4,3,7,0,3,7,3,0.500,0.429,0.778,0.000,0.333,0.412,0.200
전용주,4,0,4,0,0,0,0,0,0,0,1.2,2,3,3.15,11,2,0,0,0,3,1,0,4,0,0,0,10.80,16.20,17.01,17.03,5.64,3.00,-0.10,3,0.667,66.7,0.0,33.3,33.3,0.0,2.0,0.0,0.0,33.3,0.0,0.0,66.7,0.0,66.7,33.3,1,0,0,2,0,2,1,0,0,0,2,0,2,0,0.000,,,1.000,,1.000,0.000
신영우,4,2,2,2,0,0,0,1,0,0,9.1,11,11,10.15,52,9,3,0,0,15,2,0,6,0,0,1,10.61,10.61,9.79,9.53,8.24,2.57,-0.14,27,0.333,44.8,3.4,48.3,51.7,3.4,0.9,0.0,0.0,17.9,14.3,17.9,25.0,25.0,65.2,34.8,5,4,5,7,7,15,8,2,1,2,0,4,5,2,0.400,0.250,0.400,0.000,0.571,0.333,0.250
홍원표,4,0,4,4,0,0,0,0,0,0,6.1,3,3,4.20,28,4,1,0,1,6,0,0,5,0,0,0,4.26,4.26,5.97,5.51,7.04,1.58,0.01,16,0.188,41.2,5.9,52.9,58.8,0.0,0.7,10.0,0.0,23.5,17.6,35.3,11.8,11.8,54.5,45.5,4,3,6,2,2,6,5,0,2,1,1,0,1,2,0.000,0.667,0.167,0.500,0.000,0.167,0.400
최지광,4,0,4,0,0,0,1,0,0,0,5.2,2,2,2.00,26,3,0,0,0,5,1,0,3,0,0,0,3.18,3.18,3.18,3.01,6.16,1.41,0.12,17,0.177,41.2,0.0,58.8,58.8,0.0,0.7,0.0,0.0,41.2,17.6,17.6,0.0,23.5,50.0,50.0,7,3,3,0,4,7,7,2,1,0,0,0,2,1,0.286,0.333,0.000,,0.000,0.286,0.143
박승주,4,0,4,4,0,0,0,0,0,0,7.0,7,7,7.00,32,10,1,0,2,3,0,0,8,0,0,3,9.00,9.00,9.00,9.49,6.07,1.86,-0.05,19,0.421,23.8,4.8,71.4,76.2,0.0,0.3,12.5,10.0,15.0,25.0,15.0,25.0,20.0,52.9,47.1,3,5,3,5,4,9,8,3,2,1,0,4,4,5,1.000,0.400,0.333,0.000,1.000,0.444,0.625
박준표,4,0,4,0,0,0,0,0,0,1,2.0,3,3,4.20,15,8,2,0,0,1,1,0,2,0,0,0,13.50,13.50,18.90,18.96,4.80,4.50,-0.12,11,0.727,54.5,0.0,36.4,36.4,9.1,1.5,0.0,0.0,9.1,18.2,18.2,9.1,45.5,66.7,33.3,1,2,2,1,5,6,3,1,1,1,0,5,5,2,1.000,0.500,0.500,0.000,1.000,0.833,0.667
김현수,4,0,4,4,0,0,0,0,0,0,4.1,3,3,4.70,19,3,3,0,0,2,1,0,4,0,0,2,6.23,6.23,9.76,10.33,4.04,1.15,-0.04,12,0.250,33.3,16.7,50.0,66.7,0.0,0.5,0.0,0.0,25.0,16.7,33.3,0.0,25.0,75.0,25.0,3,2,4,0,3,6,2,1,1,0,0,1,3,0,0.333,0.500,0.000,,0.333,0.500,0.000
김진욱,4,4,0,0,0,0,2,0,0,0,21.0,6,7,5.30,87,15,3,0,2,9,0,0,16,2,0,1,2.57,3.00,2.27,2.14,4.76,1.14,1.15,59,0.220,48.4,3.2,45.2,48.4,3.2,1.0,6.7,0.0,30.6,25.8,6.5,19.4,17.7,65.5,34.5,19,16,4,12,11,38,20,7,2,2,2,2,8,5,0.368,0.125,0.500,0.167,0.182,0.211,0.250
이민석,4,4,0,0,0,0,0,1,0,0,12.0,10,10,9.65,60,12,2,3,1,13,1,0,12,1,0,0,7.50,7.50,7.24,7.32,6.31,2.08,0.05,33,0.333,41.2,5.9,47.1,52.9,5.9,0.8,5.6,0.0,29.4,20.6,11.8,20.6,17.6,60.0,40.0,10,7,4,7,6,18,12,4,1,2,3,2,6,4,0.400,0.143,0.500,0.429,0.333,0.333,0.333
박시후,4,0,4,2,0,0,0,0,0,0,5.2,2,2,2.00,25,3,0,0,0,4,0,0,4,1,0,0,3.18,3.18,3.18,3.05,4.62,1.24,0.12,17,0.177,41.2,0.0,52.9,52.9,5.9,0.8,0.0,0.0,29.4,17.6,35.3,17.6,0.0,36.4,63.6,5,3,6,3,0,4,7,0,1,1,1,0,1,1,0.000,0.333,0.167,0.333,,0.250,0.143
조영건,4,2,2,0,0,0,0,1,0,0,15.0,11,14,14.00,73,22,4,0,4,4,1,0,12,1,0,0,6.60,8.40,8.40,8.97,6.41,1.73,-0.21,51,0.353,37.5,3.6,55.4,58.9,3.6,0.6,12.1,9.1,36.4,16.4,14.5,25.5,7.3,62.5,37.5,20,9,8,14,4,30,18,9,4,2,4,3,16,4,0.450,0.444,0.250,0.286,0.750,0.533,0.222
박세진,3,0,3,1,0,0,0,0,0,0,2.2,0,0,1.70,10,3,0,0,0,2,0,0,0,0,0,0,0.00,0.00,5.74,6.16,6.53,1.88,0.02,8,0.375,50.0,0.0,37.5,37.5,12.5,1.3,0.0,0.0,37.5,12.5,0.0,37.5,12.5,62.5,37.5,3,1,0,3,1,5,3,1,1,0,1,0,2,1,0.333,1.000,,0.333,0.000,0.400,0.333
이명종,3,0,3,3,0,0,0,0,0,0,3.2,4,4,5.55,24,8,0,0,0,4,0,1,1,1,0,1,9.82,9.82,13.62,14.24,6.06,3.27,-0.07,18,0.444,31.6,5.3,63.2,68.4,0.0,0.5,0.0,0.0,21.1,10.5,31.6,10.5,26.3,69.2,30.8,4,2,6,2,5,9,4,0,0,4,1,3,2,2,0.000,0.000,0.667,0.500,0.600,0.222,0.500
김민우,3,3,0,0,0,0,1,0,0,0,12.1,3,3,3.00,49,7,0,0,2,6,0,0,13,1,0,0,2.19,2.19,2.19,2.34,5.00,1.05,0.56,28,0.179,36.7,13.3,46.7,60.0,3.3,0.6,11.1,28.6,17.2,17.2,13.8,34.5,17.2,64.0,36.0,5,5,4,10,5,16,9,1,2,1,0,3,6,0,0.200,0.400,0.250,0.000,0.600,0.375,0.000
김태현,3,0,3,1,0,0,0,0,0,0,3.1,6,6,7.20,18,9,2,0,3,1,0,0,0,0,0,1,16.20,16.20,19.44,19.93,15.84,3.00,-0.13,14,0.429,23.5,0.0,76.5,76.5,0.0,0.3,23.1,0.0,29.4,29.4,5.9,11.8,23.5,50.0,50.0,5,5,1,2,4,8,8,2,2,1,2,2,5,3,0.400,0.400,1.000,1.000,0.500,0.625,0.375
최우석,3,0,3,1,0,0,0,0,0,0,3.0,2,2,2.00,15,3,0,0,1,4,0,0,4,0,0,0,6.00,6.00,6.00,6.30,8.97,2.33,0.02,6,0.333,42.9,0.0,57.1,57.1,0.0,0.8,25.0,0.0,28.6,14.3,14.3,14.3,28.6,66.7,33.3,2,1,1,1,2,4,2,2,0,1,0,0,2,0,1.000,0.000,1.000,0.000,0.000,0.500,0.000
육선엽,3,0,3,2,0,0,0,0,0,0,4.2,4,5,6.55,28,9,2,0,2,5,0,0,3,1,0,0,7.71,9.64,12.63,12.61,11.02,3.00,-0.08,18,0.389,50.0,0.0,50.0,50.0,0.0,1.0,20.0,0.0,15.0,40.0,10.0,15.0,20.0,50.0,50.0,3,8,2,3,4,9,9,3,4,1,0,1,3,5,1.000,0.500,0.500,0.000,0.250,0.333,0.556
이재익,3,0,3,0,0,0,0,0,0,0,2.2,8,8,8.00,20,13,3,0,1,1,0,0,0,0,0,0,27.00,27.00,27.00,29.01,9.83,5.25,-0.10,18,0.667,47.4,5.3,47.4,52.6,0.0,0.9,10.0,0.0,31.6,15.8,10.5,10.5,31.6,52.9,47.1,6,3,2,2,6,9,8,4,2,2,1,4,5,6,0.667,0.667,1.000,0.500,0.667,0.556,0.750
김진수,3,0,3,1,0,0,0,1,0,0,5.0,7,7,4.60,23,6,1,0,2,2,0,0,4,0,0,0,12.60,12.60,8.28,7.98,8.20,1.60,-0.06,15,0.267,35.3,5.9,58.8,64.7,0.0,0.5,18.2,0.0,29.4,17.6,5.9,23.5,23.5,50.0,50.0,5,3,1,4,4,8,8,3,0,1,0,2,4,1,0.600,0.000,1.000,0.000,0.500,0.500,0.125
시라카와,3,3,0,0,0,0,2,1,0,0,11.1,8,9,8.50,54,13,3,0,0,9,0,0,12,0,0,0,6.35,7.15,6.75,6.16,4.02,1.94,0.16,33,0.394,54.5,0.0,42.4,42.4,3.0,1.3,0.0,0.0,18.2,21.2,21.2,30.3,9.1,57.7,42.3,6,7,7,10,3,15,11,3,2,3,4,1,6,4,0.500,0.286,0.429,0.400,0.333,0.400,0.364
이충호,3,0,3,0,0,0,0,0,0,0,2.1,1,1,3.05,13,4,1,0,0,3,0,0,3,0,0,0,3.86,3.86,11.76,11.06,4.97,3.00,-0.06,7,0.571,57.1,0.0,42.9,42.9,0.0,1.3,0.0,0.0,28.6,14.3,14.3,0.0,42.9,33.3,66.7,2,1,1,0,3,2,4,2,1,1,0,0,0,3,1.000,1.000,1.000,,0.000,0.000,0.750
김도규,3,0,3,2,0,0,0,0,0,0,3.0,2,2,2.00,17,4,0,0,0,4,0,1,4,0,0,0,6.00,6.00,6.00,6.41,5.00,2.67,0.01,9,0.444,22.2,0.0,77.8,77.8,0.0,0.3,0.0,0.0,22.2,22.2,22.2,0.0,33.3,57.1,42.9,2,2,2,0,3,4,3,0,2,1,0,1,1,2,0.000,1.000,0.500,,0.333,0.250,0.667
김영현,3,0,3,0,0,0,0,0,0,0,3.1,3,5,5.35,20,6,2,0,0,3,1,0,2,1,0,0,8.10,13.50,14.44,13.60,6.42,2.70,-0.06,14,0.429,50.0,14.3,35.7,50.0,0.0,1.0,0.0,16.7,42.9,21.4,7.1,7.1,21.4,76.9,23.1,6,3,1,1,3,10,3,3,2,1,0,0,4,1,0.500,0.667,1.000,0.000,0.000,0.400,0.333
홍민기,3,1,2,0,0,0,0,0,0,0,3.2,5,7,5.15,24,8,3,0,0,1,2,0,2,2,0,3,12.27,17.18,12.64,11.81,5.37,2.45,-0.01,19,0.421,47.4,5.3,47.4,52.6,0.0,0.9,0.0,25.0,31.6,26.3,5.3,26.3,10.5,55.6,44.4,6,5,1,5,2,10,8,2,3,0,1,2,4,4,0.333,0.600,0.000,0.200,1.000,0.400,0.500
채원후,3,0,3,1,0,0,0,0,0,0,3.0,4,4,4.00,18,6,2,0,0,3,0,0,2,0,0,2,12.00,12.00,12.00,11.91,5.63,3.00,-0.04,13,0.462,46.2,0.0,53.8,53.8,0.0,0.9,0.0,0.0,23.1,30.8,7.7,23.1,15.4,41.7,58.3,3,4,1,3,2,5,7,2,2,0,1,1,1,5,0.667,0.500,0.000,0.333,0.500,0.200,0.714
진우영,3,0,3,3,0,0,0,0,0,0,4.2,2,2,2.00,22,4,2,0,0,4,0,0,4,0,0,1,3.86,3.86,3.86,4.08,4.72,1.71,0.07,14,0.286,7.1,0.0,85.7,85.7,7.1,0.1,0.0,0.0,28.6,14.3,7.1,7.1,42.9,53.8,46.2,4,2,1,1,6,7,6,1,1,0,0,2,3,1,0.250,0.500,0.000,0.000,0.333,0.429,0.167
강건,3,0,3,2,0,0,0,0,0,0,2.2,1,1,1.85,14,4,0,0,0,3,0,0,2,0,0,0,3.38,3.38,6.24,5.88,5.81,2.63,0.02,9,0.444,55.6,0.0,44.4,44.4,0.0,1.3,0.0,0.0,33.3,0.0,22.2,33.3,11.1,57.1,42.9,3,0,2,3,1,4,3,1,0,1,1,1,0,3,0.333,,0.500,0.333,1.000,0.000,1.000
김주온,2,0,2,2,0,0,0,0,0,0,4.2,8,8,9.55,25,8,1,0,2,3,0,0,4,0,0,0,15.43,15.43,18.42,18.30,9.15,2.36,-0.11,16,0.375,33.3,0.0,61.1,61.1,5.6,0.5,18.2,0.0,33.3,11.1,16.7,22.2,16.7,60.0,40.0,6,2,3,4,3,9,6,3,0,1,3,1,5,2,0.500,0.000,0.333,0.750,0.333,0.556,0.333
김도윤,2,0,2,2,0,0,0,0,0,0,2.1,1,2,2.00,12,2,1,0,0,2,1,0,1,0,0,0,3.86,7.71,7.71,8.29,7.12,1.71,0.00,8,0.250,37.5,0.0,62.5,62.5,0.0,0.6,0.0,50.0,0.0,50.0,25.0,12.5,12.5,33.3,66.7,0,4,2,1,1,2,4,0,1,1,0,0,0,1,,0.250,0.500,0.000,0.000,0.000,0.250
바리아,2,2,0,0,0,0,1,0,0,0,10.0,3,3,3.00,37,7,1,0,1,2,0,0,6,0,0,0,2.70,2.70,2.70,2.66,4.51,0.90,0.49,27,0.222,51.7,10.3,37.9,48.3,0.0,1.1,7.1,14.3,24.1,27.6,17.2,17.2,13.8,54.2,45.8,7,8,5,5,4,13,11,1,2,2,1,1,3,2,0.143,0.250,0.400,0.200,0.250,0.231,0.182
성동현,2,0,2,1,0,0,0,0,0,0,2.0,0,0,0.00,8,0,0,0,0,3,0,0,1,0,0,0,0.00,0.00,0.00,0.00,7.60,1.50,0.08,4,0.000,100.0,0.0,0.0,0.0,0.0,,,,50.0,25.0,0.0,25.0,0.0,75.0,25.0,2,1,0,1,0,3,1,0,0,0,0,0,0,0,0.000,0.000,,0.000,,0.000,0.000
김동규,2,0,2,1,0,0,0,0,0,0,0.1,2,2,1.30,4,1,1,0,0,2,0,0,0,0,0,0,54.00,54.00,35.10,33.68,22.80,9.00,-0.01,2,0.500,50.0,0.0,50.0,50.0,0.0,1.0,0.0,0.0,0.0,100.0,0.0,0.0,0.0,100.0,0.0,0,2,0,0,0,2,0,0,1,0,0,0,1,0,,0.500,,,,0.500,
최종인,2,0,2,1,0,0,0,0,0,0,1.2,4,4,4.50,12,6,0,0,2,1,0,0,3,0,0,0,21.60,21.60,24.30,24.30,15.84,4.20,-0.04,6,0.667,25.0,0.0,62.5,62.5,12.5,0.4,40.0,0.0,37.5,25.0,12.5,0.0,25.0,57.1,42.9,3,2,1,0,2,4,3,3,1,1,0,1,3,2,1.000,0.500,1.000,,0.500,0.750,0.667
유승철,2,0,2,1,0,0,0,0,0,0,2.0,3,3,1.80,12,2,0,0,0,5,0,0,1,0,0,1,13.50,13.50,8.10,8.68,10.70,3.50,-0.01,6,0.333,33.3,16.7,50.0,66.7,0.0,0.5,0.0,0.0,50.0,16.7,0.0,0.0,33.3,83.3,16.7,3,1,0,0,2,5,1,1,0,0,0,1,2,0,0.333,0.000,,,0.500,0.400,0.000
현도훈,2,0,2,2,0,0,0,0,0,0,3.0,1,1,1.70,12,2,0,1,0,1,0,0,3,0,0,0,3.00,3.00,5.10,4.63,2.73,1.00,0.04,8,0.250,37.5,0.0,62.5,62.5,0.0,0.6,0.0,0.0,50.0,25.0,25.0,0.0,0.0,50.0,50.0,4,2,2,0,0,3,3,0,1,1,0,0,0,1,0.000,0.500,0.500,,,0.000,0.333
임상현,2,2,0,0,0,0,0,2,0,0,8.1,8,11,9.45,42,11,4,0,0,8,0,0,6,0,0,0,8.64,11.88,10.21,10.46,5.38,2.28,-0.13,28,0.393,42.9,7.1,50.0,57.1,0.0,0.8,0.0,9.1,17.9,14.3,21.4,32.1,14.3,68.2,31.8,5,4,6,9,4,15,7,2,0,3,5,1,6,2,0.400,0.000,0.500,0.556,0.250,0.400,0.286
이용준,2,2,0,0,0,0,0,1,0,0,6.0,6,6,6.00,30,7,2,0,0,5,0,0,5,1,0,0,9.00,9.00,9.00,9.59,4.70,2.00,-0.06,20,0.350,50.0,0.0,50.0,50.0,0.0,1.0,0.0,14.3,30.0,10.0,20.0,20.0,20.0,68.8,31.3,6,2,4,4,4,11,5,3,1,2,1,0,4,1,0.500,0.500,0.500,0.250,0.000,0.364,0.200
알드레드,2,2,0,0,0,0,1,1,0,0,8.0,6,6,4.45,39,11,1,0,0,4,0,0,11,0,0,0,6.75,6.75,5.01,5.38,2.31,1.88,0.18,24,0.458,41.7,4.2,45.8,50.0,8.3,0.8,0.0,9.1,37.5,20.8,20.8,8.3,12.5,73.7,26.3,9,5,5,2,3,14,5,3,2,4,2,0,4,3,0.333,0.400,0.800,1.000,0.000,0.286,0.600
김민재,2,0,2,2,0,0,0,0,0,0,2.0,4,4,4.00,13,6,0,0,2,0,1,0,2,0,0,0,18.00,18.00,18.00,16.32,15.15,3.00,-0.03,8,0.500,40.0,0.0,60.0,60.0,0.0,0.7,33.3,16.7,20.0,0.0,30.0,20.0,30.0,100.0,0.0,2,0,3,2,3,7,0,1,0,2,1,2,4,0,0.500,,0.667,0.500,0.667,0.571,
고영표,2,2,0,0,0,0,1,1,0,0,10.0,9,9,8.65,51,20,4,2,0,1,0,0,6,1,0,0,8.10,8.10,7.78,7.33,3.01,2.10,0.05,44,0.455,52.3,4.5,40.9,45.5,2.3,1.2,0.0,0.0,16.3,9.3,20.9,20.9,32.6,47.1,52.9,7,4,9,9,14,16,18,3,1,6,4,6,4,10,0.429,0.250,0.667,0.444,0.429,0.250,0.556
백정현,2,2,0,0,0,0,0,0,0,0,8.1,5,5,5.00,38,9,1,1,0,7,0,0,3,0,0,0,5.40,5.40,5.40,5.36,5.91,1.92,0.09,27,0.333,50.0,0.0,50.0,50.0,0.0,1.0,0.0,11.1,32.1,25.0,17.9,10.7,14.3,60.9,39.1,9,7,5,3,4,14,9,6,0,3,0,0,4,2,0.667,0.000,0.600,0.000,0.000,0.286,0.222
박소준,1,1,0,0,0,0,0,1,0,0,4.0,5,5,5.00,20,6,0,0,2,2,0,0,2,0,0,1,11.25,11.25,11.25,10.56,10.45,2.00,-0.06,14,0.286,37.5,6.3,37.5,43.8,18.8,0.9,28.6,0.0,12.5,6.3,31.3,18.8,31.3,63.6,36.4,2,1,5,3,5,7,4,1,0,3,1,1,2,1,0.500,0.000,0.600,0.333,0.200,0.286,0.250
배민서,1,0,1,0,0,0,0,0,0,0,1.2,3,3,3.00,11,4,1,0,0,3,0,0,1,0,0,0,16.20,16.20,16.20,15.85,8.28,4.20,-0.03,7,0.571,71.4,0.0,28.6,28.6,0.0,2.5,0.0,0.0,14.3,14.3,14.3,14.3,42.9,83.3,16.7,1,1,1,1,3,5,1,0,0,0,1,3,4,0,0.000,0.000,0.000,1.000,1.000,0.800,0.000
최현석,1,0,1,0,0,0,0,0,0,0,0.0,2,2,2.00,3,2,0,0,1,1,0,0,0,0,0,0,99.99,99.99,59.32,57.14,15004.20,99.99,-0.01,1,1.000,0.0,0.0,100.0,100.0,0.0,0.0,50.0,0.0,0.0,50.0,0.0,0.0,50.0,50.0,50.0,0,1,0,0,1,1,1,0,1,0,0,1,1,1,,1.000,,,1.000,1.000,1.000
이믿음,1,1,0,0,0,0,0,1,0,0,4.0,7,7,7.00,27,11,2,0,0,4,0,0,2,0,0,0,15.75,15.75,15.75,16.92,6.05,3.75,-0.16,21,0.524,28.6,4.8,66.7,71.4,0.0,0.4,0.0,0.0,33.3,9.5,28.6,4.8,23.8,60.0,40.0,7,2,6,1,5,9,6,3,0,4,1,3,5,2,0.429,0.000,0.667,1.000,0.600,0.556,0.333
김강현,1,0,1,1,0,0,0,0,0,0,2.0,0,0,0.00,9,2,1,0,0,1,0,0,3,0,0,0,0.00,0.00,0.00,0.00,2.00,1.50,0.09,5,0.400,20.0,20.0,60.0,80.0,0.0,0.3,0.0,0.0,0.0,25.0,0.0,50.0,25.0,50.0,50.0,0,1,0,2,1,2,2,0,0,0,1,1,1,1,,0.000,,0.500,1.000,0.500,0.500
정찬헌,1,1,0,0,0,0,0,0,0,0,4.0,4,4,4.00,17,6,3,0,0,0,0,0,1,0,0,0,9.00,9.00,9.00,8.16,3.58,1.50,0.01,16,0.375,56.3,6.3,37.5,43.8,0.0,1.3,0.0,0.0,6.3,25.0,12.5,25.0,31.3,71.4,28.6,1,4,2,4,5,10,4,1,1,0,1,3,3,3,1.000,0.250,0.000,0.250,0.600,0.300,0.750
정현수,1,0,1,0,0,0,0,0,0,0,0.0,1,1,0.30,1,0,0,0,0,1,0,0,0,0,0,0,99.99,99.99,13.42,12.67,3104.20,99.99,0.00,0,,,,,,,,,,,,,,,,,0,0,0,0,0,0,0,0,0,0,0,0,0,0,,,,,,,
송재영,1,0,1,0,0,0,0,0,0,0,0.0,3,3,2.50,3,1,1,0,0,1,1,0,0,0,1,0,99.99,99.99,72.82,66.54,6204.20,99.99,-0.01,1,1.000,0.0,0.0,100.0,100.0,0.0,0.0,0.0,0.0,100.0,0.0,0.0,0.0,0.0,100.0,0.0,1,0,0,0,0,1,0,1,0,0,0,0,1,0,1.000,,,,,1.000,
장필준,1,0,1,0,0,0,0,0,0,0,0.1,5,5,3.95,6,5,1,0,0,0,0,0,0,0,0,1,99.99,99.99,106.65,100.39,4.20,15.00,-0.01,6,0.833,66.7,0.0,33.3,33.3,0.0,2.0,0.0,40.0,16.7,16.7,16.7,0.0,50.0,80.0,20.0,1,1,1,0,3,4,1,1,1,1,0,2,4,0,1.000,1.000,1.000,,0.667,1.000,0.000
홍정우,1,0,1,1,0,0,0,0,0,0,1.0,5,5,5.00,9,5,1,0,1,1,0,0,1,0,0,0,45.00,45.00,45.00,42.23,16.70,6.00,-0.04,6,0.667,14.3,0.0,85.7,85.7,0.0,0.2,16.7,0.0,28.6,0.0,14.3,42.9,14.3,83.3,16.7,2,0,1,3,1,5,1,2,0,0,2,1,5,0,1.000,,0.000,0.667,1.000,1.000,0.000
강효종,1,1,0,0,0,0,0,0,0,0,1.1,3,3,3.00,9,2,0,0,1,3,0,0,2,0,0,0,20.25,20.25,20.25,18.36,16.35,3.75,-0.05,3,0.333,25.0,0.0,50.0,50.0,25.0,0.5,50.0,0.0,0.0,25.0,25.0,25.0,25.0,66.7,33.3,0,1,1,1,1,2,1,0,1,0,0,1,2,0,,1.000,0.000,0.000,1.000,1.000,0.000
김윤식,1,1,0,0,0,0,0,0,0,0,3.0,4,4,4.00,17,7,2,0,0,1,0,0,1,1,0,0,12.00,12.00,12.00,12.89,4.40,2.67,-0.07,15,0.467,40.0,0.0,53.3,53.3,6.7,0.8,0.0,0.0,6.7,26.7,20.0,40.0,6.7,58.3,41.7,1,4,3,6,1,7,5,0,3,0,3,1,3,4,0.000,0.750,0.000,0.500,1.000,0.429,0.800
