Name,oWAR,dWAR,G,PA,ePA,AB,R,H,2B,3B,HR,TB,RBI,SB,CS,BB,HP,IB,SO,GDP,SH,SF,AVG,OBP,SLG,OPS,R/ePA,WRC+,WAR,BIP,BABIP,GB%,ifFB%,ofFB%,FB%,LD%,GB/FB,HR/FB%,if1B%,ROE,LROB,번트안타,번트아웃,타율,시도,%,좌%,좌중%,중%,우중%,우%,당%,밀%,좌,좌중,중,우중,우,당,밀,좌_안타,좌중_안타,중_안타,우중_안타,우_안타,당_안타,밀_안타,좌_안타비율,좌중안타비율,중안타비율,우중안타비율,우안타비율,당안타비율,밀안타비율
최지훈,1.54,-0.15,69,321,318,283,51,77,13,4,5,113,27,21,2,33,1,0,47,5,3,1,0.272,0.349,0.399,0.748,-0.001,97.4,1.39,232,0.310,43.8,6.7,44.6,51.3,5.0,0.85,4.1,11.7,4,9,4,11,0.267,29,13.8,17.3,19.8,15.6,26.2,21.1,56.0,44.0,41,47,37,62,50,112,88,9,11,9,20,28,48,20,0.220,0.234,0.243,0.323,0.560,0.429,0.227
로하스,4.15,0.11,69,321,319,269,55,84,20,0,18,158,57,0,1,46,5,3,60,5,0,1,0.312,0.421,0.587,1.008,0.091,166.7,4.26,192,0.344,38.1,7.6,50.5,58.1,3.8,0.66,14.8,2.4,4,4,0,0,,0,,24.5,19.7,13.9,19.7,22.1,62.6,37.4,51,41,29,41,46,112,67,20,17,15,9,23,49,20,0.392,0.415,0.517,0.220,0.500,0.438,0.299
홍창기,2.63,0.05,68,311,310,244,49,76,4,3,3,95,34,7,8,58,6,2,45,5,1,2,0.311,0.452,0.389,0.841,0.049,135.0,2.69,198,0.369,57.6,1.0,36.5,37.4,4.9,1.54,3.9,9.2,4,3,0,1,0.000,2,0.0,17.3,17.3,28.7,24.3,12.4,51.4,48.6,35,35,58,49,25,74,70,13,8,31,12,12,24,21,0.371,0.229,0.535,0.245,0.480,0.324,0.300
강백호,3.09,-0.69,69,308,307,282,53,90,16,0,18,160,59,4,2,23,1,2,56,3,0,2,0.319,0.370,0.567,0.937,0.059,143.1,2.40,210,0.343,49.6,2.6,44.7,47.4,3.1,1.05,16.7,4.4,4,11,1,0,1.000,2,50.0,14.9,14.9,18.9,26.3,25.0,63.2,36.8,34,34,43,60,57,117,68,14,12,22,22,20,42,26,0.412,0.353,0.512,0.367,0.351,0.359,0.382
노시환,1.60,0.62,68,307,303,277,45,75,7,1,16,132,48,3,0,28,2,7,65,5,0,0,0.271,0.342,0.477,0.819,0.011,106.7,2.22,196,0.301,41.0,3.8,53.3,57.1,1.9,0.72,13.2,0.0,5,7,0,0,,0,,25.9,21.7,19.3,15.6,17.5,59.1,40.9,55,46,41,33,37,101,70,25,12,18,11,9,37,20,0.455,0.261,0.439,0.333,0.243,0.366,0.286
오스틴,2.94,-0.90,70,305,303,258,45,78,15,1,15,140,58,8,2,34,3,3,47,3,0,10,0.302,0.377,0.543,0.920,0.062,144.6,2.04,206,0.306,34.4,5.9,54.8,60.6,5.0,0.57,11.2,5.1,5,9,0,0,,0,,26.4,25.5,17.7,17.7,12.7,63.0,37.0,58,56,39,39,28,114,67,31,17,13,10,7,48,17,0.535,0.304,0.333,0.256,0.250,0.421,0.254
김도영,3.83,0.46,67,302,299,269,61,92,11,4,16,159,46,22,2,25,3,2,55,1,1,4,0.342,0.399,0.591,0.990,0.072,152.5,4.29,202,0.376,38.8,6.8,51.1,58.0,3.2,0.67,12.6,14.1,5,6,3,1,0.750,8,37.5,34.4,18.8,19.3,12.4,15.1,65.9,34.1,75,41,42,27,33,116,60,34,19,18,11,10,53,21,0.453,0.463,0.429,0.407,0.303,0.457,0.350
박성한,1.09,0.58,69,302,298,264,40,77,13,0,4,102,32,7,2,34,1,2,36,6,2,1,0.292,0.373,0.386,0.759,-0.002,96.7,1.67,225,0.324,52.4,3.0,41.6,44.6,3.0,1.17,3.9,5.2,1,12,0,4,0.000,8,0.0,14.8,17.4,16.5,31.7,19.6,61.1,38.9,34,40,38,73,45,118,75,12,13,19,12,21,33,25,0.353,0.325,0.500,0.164,0.467,0.280,0.333
김현수,1.53,-0.74,68,296,296,264,36,79,15,2,6,116,41,2,1,26,2,1,38,6,0,4,0.299,0.361,0.439,0.800,0.012,107.4,0.79,224,0.326,42.6,2.6,50.0,52.6,4.8,0.81,5.0,2.5,1,5,0,0,,1,0.0,12.7,19.3,16.7,28.9,22.4,61.6,38.4,29,44,38,66,51,117,73,9,12,11,20,27,47,21,0.310,0.273,0.290,0.303,0.529,0.402,0.288
양석환,1.36,-0.94,72,296,296,267,40,62,14,0,16,124,49,3,2,25,3,0,65,11,0,1,0.232,0.304,0.464,0.768,0.006,102.4,0.43,187,0.246,32.5,6.9,56.7,63.5,3.9,0.51,12.4,6.5,2,8,0,0,,1,0.0,43.5,20.5,17.0,9.5,9.5,77.1,22.9,87,41,34,19,19,128,38,31,14,6,5,6,45,11,0.356,0.342,0.177,0.263,0.316,0.352,0.290
손아섭,0.94,0.31,66,295,294,278,39,84,13,0,7,118,45,6,2,12,0,0,49,1,1,4,0.302,0.327,0.424,0.751,-0.009,91.5,1.25,226,0.341,57.3,4.3,33.3,37.6,5.1,1.52,8.0,8.3,5,9,1,2,0.333,7,14.3,26.6,18.0,15.0,16.7,23.6,47.5,52.5,62,42,35,39,55,94,104,25,14,13,9,23,32,39,0.403,0.333,0.371,0.231,0.418,0.340,0.375
구자욱,2.83,0.15,66,294,293,261,40,83,21,1,12,142,50,4,4,23,8,1,42,3,0,2,0.318,0.388,0.544,0.932,0.055,140.0,2.98,209,0.340,46.2,2.7,48.0,50.7,3.2,0.91,10.7,6.0,5,6,0,0,,0,,13.6,13.6,16.7,25.8,30.3,67.4,32.6,30,30,37,57,67,124,60,8,7,17,14,37,51,15,0.267,0.233,0.460,0.246,0.552,0.411,0.250
강승호,1.73,0.60,72,293,290,272,42,80,17,6,10,139,43,11,3,16,1,2,90,2,1,3,0.294,0.332,0.511,0.843,0.017,111.0,2.33,175,0.400,37.1,4.3,56.5,60.8,2.2,0.61,8.8,3.8,0,5,0,1,0.000,5,0.0,26.3,18.3,21.0,15.6,18.8,56.5,43.5,49,34,39,29,35,83,64,29,11,18,11,11,40,22,0.592,0.324,0.462,0.379,0.314,0.482,0.344
안치홍,1.34,-0.86,68,292,292,259,36,72,11,0,8,107,32,3,1,27,4,0,43,3,0,2,0.278,0.353,0.413,0.766,0.007,103.6,0.49,210,0.305,39.9,8.7,49.5,58.3,1.8,0.69,6.3,2.8,5,10,0,0,,2,0.0,21.3,27.3,14.4,19.0,18.1,56.8,43.2,46,59,31,41,39,105,80,21,20,11,10,10,41,20,0.457,0.339,0.355,0.244,0.256,0.391,0.250
레이예스,2.51,-0.39,67,291,291,266,36,91,16,2,7,132,57,4,0,17,1,0,36,8,0,7,0.342,0.375,0.496,0.871,0.044,131.7,2.12,230,0.365,51.5,4.6,41.8,46.4,2.1,1.11,6.4,11.0,9,4,0,0,,0,,20.4,17.4,19.6,22.1,20.4,54.7,45.3,48,41,46,52,48,104,86,18,10,21,16,26,44,26,0.375,0.244,0.457,0.308,0.542,0.423,0.302
소크라테스,1.70,-0.97,69,289,288,266,37,76,12,1,12,126,45,4,1,18,3,2,44,4,0,2,0.286,0.336,0.474,0.810,0.021,114.0,0.73,212,0.302,43.3,8.5,45.1,53.6,3.1,0.81,10.0,6.6,5,9,0,2,0.000,3,0.0,15.8,17.6,20.3,19.4,27.0,58.4,41.6,35,39,45,43,60,104,74,9,9,23,11,24,35,18,0.257,0.231,0.511,0.256,0.400,0.337,0.243
정수빈,0.90,0.40,66,288,283,245,47,64,8,3,2,84,18,25,3,29,4,1,32,5,5,5,0.261,0.343,0.343,0.686,-0.021,82.9,1.29,216,0.287,54.7,3.6,38.6,42.2,3.1,1.30,2.1,12.5,7,8,2,8,0.200,15,13.3,15.4,16.7,18.6,19.9,29.4,60.8,39.2,34,37,41,44,65,110,71,17,8,11,9,19,28,25,0.500,0.216,0.268,0.205,0.292,0.255,0.352
박해민,0.52,0.55,71,287,283,248,37,68,6,5,1,87,32,25,6,22,6,0,51,2,4,7,0.274,0.339,0.351,0.690,-0.033,73.2,1.07,203,0.330,41.8,1.9,52.4,54.3,3.8,0.77,0.9,11.8,0,5,2,8,0.200,20,10.0,19.3,18.4,11.6,25.1,25.6,57.4,42.6,40,38,24,52,53,105,78,11,9,11,12,25,37,20,0.275,0.237,0.458,0.231,0.472,0.352,0.256
김영웅,1.35,0.97,68,287,286,249,37,65,9,2,13,117,36,7,1,33,2,0,84,2,1,2,0.261,0.350,0.470,0.820,0.003,100.5,2.32,154,0.338,42.9,7.1,48.2,55.4,1.8,0.77,14.0,4.6,6,7,0,3,0.000,3,0.0,18.6,10.2,15.6,23.4,32.3,66.0,34.0,31,17,26,39,54,93,48,8,4,11,13,29,42,12,0.258,0.235,0.423,0.333,0.537,0.452,0.250
에레디아,2.46,-0.32,66,285,282,258,39,93,14,1,8,133,50,3,3,15,7,3,36,6,0,5,0.360,0.404,0.516,0.920,0.049,135.3,2.14,219,0.388,43.2,3.1,50.2,53.3,3.5,0.81,6.6,9.7,3,6,2,2,0.500,10,20.0,23.3,18.1,20.3,22.5,15.9,51.9,48.1,53,41,46,51,36,94,87,26,14,21,17,15,40,32,0.491,0.342,0.457,0.333,0.417,0.426,0.368
도슨,3.32,-0.30,63,284,284,257,47,92,21,2,9,144,35,2,2,24,2,0,37,5,0,1,0.358,0.415,0.560,0.975,0.077,156.9,3.02,212,0.392,45.2,2.3,49.8,52.0,2.7,0.87,7.8,1.1,1,5,0,0,,0,,20.4,13.1,19.0,23.5,24.0,58.7,41.3,45,29,42,52,53,105,74,13,13,19,18,29,47,26,0.289,0.448,0.452,0.346,0.547,0.448,0.351
문보경,1.47,-1.14,71,281,278,238,31,67,13,1,8,106,39,3,5,33,0,2,50,8,1,9,0.282,0.357,0.445,0.802,0.017,110.8,0.33,189,0.312,45.7,3.0,47.2,50.3,4.0,0.91,8.0,6.0,2,11,1,1,0.500,4,25.0,17.3,15.8,16.3,25.0,25.5,60.0,40.0,34,31,32,49,50,99,66,11,8,12,12,24,36,19,0.324,0.258,0.375,0.245,0.480,0.364,0.288
문성주,2.29,0.36,71,280,279,233,38,78,14,2,0,96,39,13,7,41,2,0,29,2,1,3,0.335,0.434,0.412,0.846,0.042,129.9,2.65,207,0.377,52.9,1.4,41.8,43.3,3.8,1.22,0.0,11.5,1,9,0,1,0.000,5,0.0,19.7,22.6,21.2,23.1,13.5,46.3,53.7,41,47,44,48,28,76,88,16,19,26,6,11,17,35,0.390,0.404,0.591,0.125,0.393,0.224,0.398
최형우,2.08,-0.77,64,278,278,247,40,71,17,1,12,126,62,0,1,28,1,3,44,1,0,2,0.287,0.360,0.510,0.870,0.038,126.9,1.32,193,0.306,43.4,1.0,52.2,53.2,3.4,0.82,11.0,4.2,4,4,0,0,,0,,18.0,19.0,20.0,24.4,18.5,53.7,46.3,37,39,41,50,38,88,76,15,14,15,13,14,27,29,0.405,0.359,0.366,0.260,0.368,0.307,0.382
서호철,1.19,-0.16,67,277,276,243,28,74,8,0,3,91,32,1,2,21,10,0,53,10,1,2,0.305,0.380,0.374,0.754,0.008,103.9,1.02,189,0.376,46.6,5.2,44.6,49.7,3.6,0.94,3.1,5.4,2,9,0,2,0.000,2,0.0,24.0,16.1,22.9,18.8,18.2,52.0,48.0,46,31,44,36,35,77,71,24,8,19,9,14,32,23,0.522,0.258,0.432,0.250,0.400,0.416,0.324
황재균,0.06,0.41,67,275,272,248,31,63,9,0,4,84,21,4,3,22,1,0,49,5,3,1,0.254,0.316,0.339,0.655,-0.038,69.4,0.47,196,0.301,40.4,4.4,51.2,55.7,3.9,0.73,3.5,6.3,2,10,1,4,0.200,8,12.5,25.1,23.6,19.7,15.8,15.8,60.7,39.3,51,48,40,32,32,99,64,23,10,16,8,6,33,14,0.451,0.208,0.400,0.250,0.188,0.333,0.219
김재환,1.70,-0.97,67,274,271,233,33,63,14,0,14,119,47,0,1,31,4,3,84,6,0,6,0.270,0.358,0.511,0.869,0.026,117.4,0.74,141,0.348,37.4,3.9,53.5,57.4,5.2,0.65,15.7,0.0,0,1,0,0,,0,,9.7,13.5,19.4,29.7,27.7,71.2,28.8,15,21,30,46,43,89,36,5,11,7,17,23,40,16,0.333,0.524,0.233,0.370,0.535,0.449,0.444
맥키넌,1.14,-0.17,61,272,270,237,26,70,9,0,4,91,25,1,0,33,1,3,26,6,0,1,0.295,0.382,0.384,0.766,0.004,101.2,0.97,208,0.317,36.8,4.2,56.1,60.4,2.8,0.61,3.1,10.0,3,9,0,0,,0,,23.7,18.5,22.7,14.2,20.9,54.6,45.4,50,39,48,30,44,89,74,24,12,16,6,12,36,18,0.480,0.308,0.333,0.200,0.273,0.405,0.243
권희동,1.51,0.54,65,272,272,222,29,63,11,1,2,82,32,2,0,41,6,1,39,5,0,3,0.284,0.404,0.369,0.773,0.016,110.5,2.05,184,0.332,44.6,3.2,48.4,51.6,3.8,0.86,2.1,4.8,2,8,0,1,0.000,3,0.0,30.3,22.2,19.5,14.1,14.1,65.1,34.9,56,41,36,26,26,97,52,22,10,16,8,7,32,15,0.393,0.244,0.444,0.308,0.269,0.330,0.289
박찬호,0.51,0.92,61,272,269,251,39,75,12,0,2,93,23,13,8,15,1,0,24,4,3,2,0.299,0.338,0.371,0.709,-0.016,86.4,1.44,227,0.322,53.0,2.6,41.4,44.0,3.0,1.21,2.0,8.0,5,11,0,4,0.000,12,0.0,21.6,22.4,19.4,19.8,16.8,54.5,45.5,50,52,45,46,39,102,85,23,10,20,12,10,33,22,0.460,0.192,0.444,0.261,0.256,0.324,0.259
윤동희,1.43,0.06,64,271,270,240,53,71,18,2,4,105,28,4,2,27,1,0,43,3,1,2,0.296,0.367,0.438,0.805,0.012,107.6,1.49,195,0.344,47.5,3.0,45.0,48.0,4.5,0.99,4.2,7.0,3,5,0,1,0.000,5,0.0,20.7,20.7,20.7,18.7,19.2,51.6,48.4,41,41,41,37,38,82,77,18,9,19,10,15,27,25,0.439,0.220,0.463,0.270,0.395,0.329,0.325
박건우,2.68,-0.63,65,269,267,238,44,83,17,1,6,120,34,2,0,28,2,3,40,5,0,1,0.349,0.420,0.504,0.924,0.060,143.1,2.05,193,0.399,39.7,3.0,53.8,56.8,3.5,0.70,5.3,4.8,3,8,0,0,,1,0.0,22.6,21.6,19.1,14.1,22.6,54.7,45.3,45,43,38,28,45,88,73,25,15,18,14,11,40,25,0.556,0.349,0.474,0.500,0.244,0.455,0.343
이우성,2.08,-1.12,65,269,269,238,44,76,9,0,8,109,41,6,1,28,2,0,54,7,0,1,0.319,0.394,0.458,0.852,0.034,123.6,0.96,177,0.384,55.7,2.2,38.9,41.1,3.2,1.36,10.5,3.9,2,11,0,0,,1,0.0,25.4,24.9,17.8,18.9,13.0,61.2,38.8,47,46,33,35,24,93,59,19,17,17,10,13,36,23,0.404,0.370,0.515,0.286,0.542,0.387,0.390
김혜성,2.64,1.37,59,265,264,238,42,79,11,2,9,121,38,17,2,21,4,1,26,2,0,2,0.332,0.392,0.508,0.900,0.047,133.9,4.01,205,0.342,41.1,3.3,49.5,52.8,6.1,0.78,8.0,7.6,2,9,0,0,,0,,20.2,20.2,14.1,23.5,22.1,53.0,47.0,43,43,30,50,47,97,86,13,11,12,14,29,43,24,0.302,0.256,0.400,0.280,0.617,0.443,0.279
데이비슨,2.11,-0.84,60,264,264,228,42,65,10,0,20,135,51,0,1,21,10,2,71,4,0,5,0.285,0.364,0.592,0.956,0.050,136.2,1.27,142,0.317,37.7,8.0,52.5,60.5,1.9,0.62,20.4,4.6,3,3,0,0,,0,,31.3,28.8,18.8,10.6,10.6,73.8,26.2,50,46,30,17,17,96,34,30,20,5,5,4,50,9,0.600,0.435,0.167,0.294,0.235,0.521,0.265
양의지,2.08,0.01,63,263,261,240,26,84,11,0,8,119,54,2,0,13,4,2,21,7,0,6,0.350,0.384,0.496,0.880,0.041,129.1,2.09,217,0.350,35.6,10.7,51.1,61.8,2.7,0.58,5.8,3.6,2,5,0,0,,0,,30.8,14.7,25.0,17.4,12.1,60.7,39.3,69,33,56,39,27,102,66,34,11,22,10,7,45,17,0.493,0.333,0.393,0.256,0.259,0.441,0.258
김지찬,1.48,0.52,67,263,258,224,43,67,9,0,1,79,15,20,1,27,6,0,19,3,5,1,0.299,0.388,0.353,0.741,0.001,98.9,2.00,205,0.322,54.0,4.3,38.4,42.7,3.3,1.27,1.1,16.4,2,8,2,12,0.143,25,8.0,14.3,20.5,13.8,25.2,26.2,59.7,40.3,30,43,29,53,55,108,73,13,10,7,12,25,37,23,0.433,0.233,0.241,0.226,0.455,0.343,0.315
라모스,2.52,-0.85,59,257,256,230,32,73,14,3,8,117,43,2,3,19,1,0,37,3,1,6,0.317,0.363,0.509,0.872,0.062,145.1,1.67,191,0.340,40.0,7.5,49.5,57.0,3.0,0.70,7.0,1.4,6,0,1,1,0.500,5,20.0,26.9,13.7,13.7,15.2,30.5,61.2,38.8,53,27,27,30,60,104,66,19,5,7,10,32,49,17,0.359,0.185,0.259,0.333,0.533,0.471,0.258
김휘집,-0.22,0.37,66,253,250,223,30,48,10,1,8,84,32,0,1,20,3,1,63,10,2,5,0.215,0.283,0.377,0.660,-0.045,64.3,0.15,157,0.255,32.3,7.2,58.7,65.9,1.8,0.49,7.3,4.2,3,6,0,4,0.000,6,0.0,23.5,22.9,21.7,19.3,12.7,59.2,40.8,39,38,36,32,21,77,53,19,11,9,6,3,30,9,0.487,0.290,0.250,0.188,0.143,0.390,0.170
최정,2.94,-0.56,60,253,253,212,39,63,14,1,18,133,58,5,0,27,10,0,47,7,0,4,0.297,0.395,0.627,1.022,0.074,154.2,2.39,151,0.298,33.7,7.1,55.6,62.7,3.6,0.54,17.0,3.2,1,5,0,0,,2,0.0,32.5,27.2,16.6,10.7,13.0,71.6,28.4,55,46,28,18,22,101,40,26,19,10,2,6,45,8,0.473,0.413,0.357,0.111,0.273,0.446,0.200
송성문,2.27,0.46,65,251,251,217,31,70,11,2,9,112,48,1,0,26,1,0,24,2,0,7,0.323,0.386,0.516,0.902,0.047,133.8,2.73,191,0.319,42.0,3.5,49.5,53.0,5.0,0.79,8.5,5.7,1,10,0,0,,0,,8.5,8.0,19.1,27.1,37.2,79.5,20.5,17,16,38,54,74,128,33,4,4,12,14,36,50,8,0.235,0.250,0.316,0.259,0.487,0.391,0.242
페라자,2.81,-0.56,56,248,246,215,41,68,16,0,15,129,42,5,4,30,1,3,61,4,0,2,0.316,0.399,0.600,0.999,0.083,160.3,2.24,141,0.376,42.3,3.8,50.6,54.5,3.2,0.78,17.6,4.4,4,5,0,0,,0,,20.6,20.0,11.6,20.0,27.7,59.9,40.1,32,31,18,31,43,82,55,20,6,7,12,23,41,20,0.625,0.194,0.389,0.387,0.535,0.500,0.364
최원준,0.99,0.04,67,247,245,223,32,63,13,2,4,92,30,13,6,20,2,0,38,5,2,0,0.283,0.347,0.413,0.760,0.002,99.4,1.03,181,0.326,57.2,1.6,37.4,39.0,3.7,1.47,5.5,14.3,2,5,0,2,0.000,7,0.0,15.7,13.5,20.0,28.6,22.2,63.1,36.9,29,25,37,53,41,94,55,12,5,11,14,20,34,18,0.414,0.200,0.297,0.264,0.488,0.362,0.327
박민우,1.82,0.74,52,242,236,204,34,63,9,2,3,85,18,21,4,27,7,3,38,2,3,1,0.309,0.406,0.417,0.823,0.031,121.0,2.56,164,0.366,40.6,2.9,52.4,55.3,4.1,0.73,3.2,6.3,3,6,2,4,0.333,13,15.4,19.4,17.6,14.7,18.2,30.0,56.6,43.4,33,30,25,31,51,82,63,7,9,11,11,25,36,16,0.212,0.300,0.440,0.355,0.490,0.439,0.254
김성욱,0.16,0.15,67,241,240,207,31,41,6,1,9,76,34,6,2,20,12,0,43,5,1,1,0.198,0.304,0.367,0.671,-0.036,70.9,0.32,156,0.205,31.3,12.0,53.0,65.1,3.6,0.48,8.3,2.4,3,9,0,2,0.000,5,0.0,26.7,25.5,18.8,15.2,13.9,64.2,35.8,44,42,31,25,23,86,48,19,8,7,2,5,27,7,0.432,0.191,0.226,0.080,0.217,0.314,0.146
허경민,2.52,0.20,58,238,238,209,38,75,16,0,3,100,32,2,0,15,10,0,13,3,0,4,0.359,0.420,0.478,0.898,0.063,146.2,2.72,197,0.366,45.0,8.5,43.5,52.0,3.0,0.87,2.9,5.3,4,3,0,0,,0,,29.6,21.1,18.1,14.6,16.6,62.0,38.0,59,42,36,29,33,101,62,27,14,13,7,14,41,21,0.458,0.333,0.361,0.241,0.424,0.406,0.339
한유섬,0.64,-0.55,61,237,235,204,33,46,10,0,14,98,47,0,1,24,6,2,78,1,0,3,0.225,0.321,0.480,0.801,-0.017,85.2,0.09,115,0.278,36.4,6.2,52.7,58.9,4.7,0.62,18.4,2.2,2,1,0,0,,0,,15.5,14.7,20.9,19.4,29.5,61.8,38.2,20,19,27,25,38,63,39,5,4,11,8,18,26,9,0.250,0.211,0.407,0.320,0.474,0.413,0.231
신민재,0.88,-0.18,69,235,229,194,37,50,6,1,0,58,21,23,5,33,1,0,28,4,6,1,0.258,0.367,0.299,0.666,-0.021,82.8,0.70,167,0.299,58.4,4.0,34.1,38.2,3.5,1.53,0.0,6.0,3,11,1,9,0.100,22,4.5,23.8,24.4,17.4,18.0,16.3,41.5,58.5,41,42,30,31,28,59,83,20,9,9,3,9,12,29,0.488,0.214,0.300,0.097,0.321,0.203,0.349
최주환,-1.54,-0.14,57,234,234,211,19,39,6,0,4,57,24,0,1,17,3,1,44,6,0,3,0.185,0.252,0.270,0.522,-0.099,23.5,-1.69,166,0.211,35.3,5.9,55.3,61.2,3.5,0.58,3.8,2.6,0,3,0,0,,0,,12.4,9.4,18.2,23.5,36.5,73.4,26.6,21,16,31,40,62,102,37,1,3,2,12,21,33,4,0.048,0.188,0.065,0.300,0.339,0.324,0.108
고명준,0.12,0.17,65,233,233,219,22,57,8,0,8,89,32,1,4,13,1,0,58,3,0,0,0.260,0.305,0.406,0.711,-0.027,77.9,0.29,153,0.320,57.8,5.6,36.6,42.2,0.0,1.37,11.8,10.5,4,8,0,0,,0,,25.2,24.5,16.4,21.4,12.6,59.4,40.6,40,39,26,34,20,79,54,20,10,19,5,3,30,8,0.500,0.256,0.731,0.147,0.150,0.380,0.148
김주원,0.20,1.90,65,232,225,190,27,39,6,1,5,62,24,8,1,23,11,0,60,1,7,1,0.205,0.324,0.326,0.650,-0.036,71.6,2.09,126,0.270,40.6,8.7,50.0,58.7,0.7,0.69,6.2,5.1,1,5,0,7,0.000,13,0.0,18.8,13.8,16.7,21.0,29.7,71.3,28.7,26,19,23,29,41,82,33,5,2,4,7,21,31,4,0.192,0.105,0.174,0.241,0.512,0.378,0.121
박동원,2.30,0.77,61,231,229,189,29,53,10,0,11,96,41,1,0,36,0,1,46,7,1,5,0.280,0.387,0.508,0.895,0.059,142.5,3.07,137,0.307,49.7,6.7,41.6,48.3,2.0,1.03,15.3,5.7,2,2,0,2,0.000,5,0.0,34.0,27.9,17.0,10.9,10.2,74.6,25.4,50,41,25,16,15,91,31,25,7,10,5,6,32,11,0.500,0.171,0.400,0.313,0.400,0.352,0.355
장성우,1.28,0.90,64,231,231,195,19,52,10,0,6,80,37,4,0,34,0,0,39,3,0,2,0.267,0.372,0.410,0.782,0.012,107.3,2.18,152,0.303,38.0,8.2,50.0,58.2,3.8,0.65,6.5,3.8,2,5,0,0,,0,,31.4,22.4,14.7,14.1,17.3,63.2,36.8,49,35,23,22,27,84,49,23,9,6,6,8,32,14,0.469,0.257,0.261,0.273,0.296,0.381,0.286
김선빈,1.57,0.10,59,230,227,198,27,62,7,0,5,84,26,3,0,25,4,0,22,9,2,0,0.313,0.401,0.424,0.825,0.025,116.8,1.67,171,0.333,50.0,4.5,36.5,41.0,9.0,1.22,6.8,6.5,1,5,1,2,0.333,9,11.1,22.0,15.3,16.9,18.1,27.7,44.9,55.1,39,27,30,32,49,66,81,17,5,20,5,15,22,20,0.436,0.185,0.667,0.156,0.306,0.333,0.247
천성호,0.87,-0.82,59,228,227,209,38,62,8,3,1,79,17,7,0,16,1,0,37,5,1,1,0.297,0.348,0.378,0.726,-0.007,93.3,0.06,172,0.355,63.8,2.9,29.3,32.2,4.0,1.98,1.8,21.0,8,11,0,2,0.000,2,0.0,16.8,22.0,19.7,21.4,20.2,51.8,48.2,29,38,34,37,35,72,67,11,13,13,7,18,25,24,0.379,0.342,0.382,0.189,0.514,0.347,0.358
김형준,0.39,0.63,58,225,221,185,23,40,8,0,10,78,30,0,0,32,2,0,74,4,4,2,0.216,0.335,0.422,0.757,-0.016,86.3,1.02,103,0.291,36.8,9.4,51.3,60.7,2.6,0.61,14.1,5.0,0,4,0,4,0.000,5,0.0,26.7,19.0,15.5,20.7,18.1,54.1,45.9,31,22,18,24,21,53,45,19,8,4,3,6,27,9,0.613,0.364,0.222,0.125,0.286,0.509,0.200
문상철,1.67,0.13,61,217,217,187,28,53,4,0,10,87,31,3,1,24,4,1,50,5,0,2,0.283,0.373,0.465,0.838,0.034,124.1,1.80,129,0.333,38.8,8.6,50.4,59.0,2.2,0.66,12.2,9.4,3,4,0,0,,1,0.0,39.4,24.1,19.0,8.8,8.8,78.4,21.6,54,33,26,12,12,87,24,24,14,7,3,5,38,8,0.444,0.424,0.269,0.250,0.417,0.437,0.333
채은성,0.04,-0.30,51,214,214,192,23,45,10,0,5,70,31,1,1,18,2,1,41,4,0,2,0.234,0.304,0.365,0.669,-0.033,73.1,-0.26,148,0.270,37.9,7.8,49.0,56.9,5.2,0.67,5.7,6.7,3,6,0,0,,0,,36.8,17.8,17.8,13.2,14.5,66.4,33.6,56,27,27,20,22,83,42,20,11,6,2,6,31,8,0.357,0.407,0.222,0.100,0.273,0.374,0.191
이지영,0.26,0.91,58,207,205,190,25,54,3,1,2,65,22,5,1,9,4,0,20,4,2,2,0.284,0.327,0.342,0.669,-0.030,76.0,1.18,170,0.306,55.2,5.2,35.6,40.8,4.0,1.35,2.8,3.7,4,2,0,3,0.000,5,0.0,16.3,25.0,20.3,18.6,19.8,51.8,48.2,28,43,35,32,34,71,66,11,11,13,9,10,22,19,0.393,0.256,0.371,0.281,0.294,0.310,0.288
강민호,0.61,0.21,67,203,202,179,18,50,5,1,4,69,27,0,0,16,5,1,22,8,0,3,0.279,0.350,0.385,0.735,-0.008,92.0,0.82,156,0.295,51.3,4.4,41.3,45.6,3.1,1.12,5.5,8.0,4,3,0,0,,0,,24.4,21.9,20.6,18.8,14.4,58.3,41.7,39,35,33,30,23,74,53,15,8,14,7,6,23,13,0.385,0.229,0.424,0.233,0.261,0.311,0.245
김태연,1.12,-0.57,55,203,201,173,25,50,11,0,6,79,30,2,2,24,2,0,36,3,2,2,0.289,0.378,0.457,0.835,0.021,113.8,0.54,133,0.331,43.3,5.7,48.9,54.6,2.1,0.79,7.8,6.0,2,3,0,2,0.000,3,0.0,36.0,22.3,13.7,12.2,15.8,67.5,32.5,50,31,19,17,22,81,39,23,8,8,3,8,31,11,0.460,0.258,0.421,0.177,0.364,0.383,0.282
최인호,1.09,0.35,64,203,199,173,29,46,11,2,1,64,15,2,0,21,3,0,29,2,4,2,0.266,0.352,0.370,0.722,0.014,108.4,1.44,145,0.310,53.3,2.0,42.0,44.0,2.7,1.21,1.5,6.5,8,8,0,4,0.000,5,0.0,16.8,17.4,15.4,26.2,24.2,59.1,40.9,25,26,23,39,36,75,52,7,4,10,9,16,25,11,0.280,0.154,0.435,0.231,0.444,0.333,0.212
조수행,0.78,0.18,65,200,192,172,35,49,2,2,0,55,14,34,4,18,0,1,23,2,8,2,0.285,0.349,0.320,0.669,-0.026,79.2,0.97,151,0.325,67.9,2.5,26.4,28.9,3.1,2.35,0.0,28.6,5,13,8,15,0.348,48,16.7,16.6,26.1,17.8,22.9,16.6,48.1,51.9,26,41,28,36,26,62,67,9,10,11,3,15,18,19,0.346,0.244,0.393,0.083,0.577,0.290,0.284
고승민,1.60,0.08,47,199,199,175,29,54,13,2,3,80,31,4,2,21,1,0,36,3,0,2,0.309,0.382,0.457,0.839,0.034,123.9,1.69,138,0.370,45.4,5.0,44.0,48.9,5.7,0.93,4.3,0.0,3,3,0,0,,0,,15.6,13.5,17.0,31.9,22.0,65.0,35.0,22,19,24,45,31,76,41,8,10,7,12,17,29,18,0.364,0.526,0.292,0.267,0.548,0.382,0.439
오지환,0.84,0.60,54,198,197,168,31,40,16,1,2,64,16,11,3,27,2,0,58,2,1,0,0.238,0.350,0.381,0.731,0.002,99.5,1.44,108,0.352,38.7,3.6,55.0,58.6,2.7,0.66,3.1,5.0,2,2,0,3,0.000,4,0.0,12.6,13.5,14.4,24.3,35.1,69.5,30.5,14,15,16,27,39,66,29,5,7,3,11,14,25,12,0.357,0.467,0.188,0.407,0.359,0.379,0.414
박병호,0.10,-0.47,60,190,190,161,19,34,2,0,8,60,22,1,0,25,4,0,58,10,0,0,0.211,0.332,0.373,0.705,-0.030,75.7,-0.37,95,0.274,43.7,4.9,48.5,53.4,2.9,0.82,14.5,2.9,1,2,0,0,,0,,35.3,30.4,11.8,10.8,11.8,74.4,25.6,36,31,12,11,12,67,23,17,8,3,4,2,25,6,0.472,0.258,0.250,0.364,0.167,0.373,0.261
김상수,0.08,0.14,51,183,178,162,28,37,8,1,3,56,22,2,1,13,2,0,22,7,5,1,0.228,0.292,0.346,0.638,-0.041,68.0,0.22,138,0.246,46.6,2.7,46.6,49.3,4.1,0.94,4.2,18.9,3,7,0,5,0.000,9,0.0,27.4,19.9,15.8,15.1,21.9,56.1,43.9,40,29,23,22,32,69,54,13,7,7,2,8,20,10,0.325,0.241,0.304,0.091,0.250,0.290,0.185
구본혁,0.44,0.99,63,181,180,158,27,44,7,0,2,57,28,3,2,18,1,0,18,3,1,3,0.278,0.350,0.361,0.711,-0.016,86.0,1.43,141,0.298,36.8,6.3,52.1,58.3,4.9,0.63,2.4,20.5,2,9,5,3,0.625,11,45.5,22.4,22.4,21.0,23.1,11.2,56.6,43.4,32,32,30,33,16,64,49,17,6,6,9,6,23,15,0.531,0.188,0.200,0.273,0.375,0.359,0.306
박승욱,0.44,-0.68,65,180,179,161,24,45,7,1,4,66,20,1,4,13,4,0,43,2,1,1,0.280,0.346,0.410,0.756,-0.004,95.5,-0.24,115,0.357,47.5,2.5,41.7,44.2,8.3,1.08,7.5,6.7,2,5,0,3,0.000,7,0.0,8.3,17.5,20.8,27.5,25.8,67.4,32.6,10,21,25,33,31,64,31,2,5,14,10,14,24,7,0.200,0.238,0.560,0.303,0.452,0.375,0.226
김재현,-0.68,0.26,57,180,175,162,18,39,7,0,0,46,17,0,0,4,6,0,33,5,5,3,0.241,0.280,0.284,0.564,-0.078,40.5,-0.42,132,0.296,56.9,1.5,40.1,41.6,1.5,1.37,0.0,2.6,1,5,0,7,0.000,12,0.0,27.0,16.8,24.1,16.8,15.3,57.7,42.3,37,23,33,23,21,60,44,12,6,9,3,9,18,12,0.324,0.261,0.273,0.130,0.429,0.300,0.273
이성규,1.12,1.03,66,179,175,150,27,39,5,0,11,77,30,8,1,14,9,0,48,2,4,2,0.260,0.354,0.513,0.867,0.016,110.2,2.15,93,0.301,38.0,4.6,55.6,60.2,1.9,0.63,16.9,5.1,4,2,0,6,0.000,9,0.0,42.1,15.0,12.1,17.8,13.1,64.9,35.1,45,16,13,19,14,61,33,23,5,4,4,3,28,7,0.511,0.313,0.308,0.211,0.214,0.459,0.212
전준우,1.70,-0.55,40,176,176,159,20,50,11,1,7,84,31,3,1,14,2,0,26,4,0,1,0.314,0.375,0.528,0.903,0.056,140.4,1.14,127,0.339,44.8,3.7,47.0,50.7,4.5,0.88,10.3,6.0,3,7,0,0,,0,,23.9,28.4,18.7,11.2,17.9,64.2,35.8,32,38,25,15,24,70,39,16,14,6,4,10,30,14,0.500,0.368,0.240,0.267,0.417,0.429,0.359
이주형,0.79,-0.01,38,174,173,154,27,43,7,1,3,61,18,0,0,16,4,1,40,1,0,0,0.279,0.362,0.396,0.758,0.004,101.2,0.79,111,0.360,46.5,7.0,42.1,49.1,4.4,0.95,5.4,9.3,2,2,0,0,,0,,13.3,14.2,16.8,22.1,33.6,67.0,33.0,15,16,19,25,38,63,31,4,5,10,7,17,24,9,0.267,0.313,0.526,0.280,0.447,0.381,0.290
김민혁,0.56,-0.45,54,174,172,152,12,47,5,0,0,52,21,2,0,19,1,1,20,5,1,1,0.309,0.387,0.342,0.729,-0.003,96.1,0.11,133,0.353,61.2,2.2,32.1,34.3,4.5,1.78,0.0,10.6,2,7,1,1,0.500,5,20.0,15.8,24.8,15.8,25.6,18.0,51.8,48.2,21,33,21,34,24,58,54,12,11,11,4,9,13,23,0.571,0.333,0.524,0.118,0.375,0.224,0.426
하재훈,0.16,-1.74,55,169,169,157,19,41,10,0,4,63,19,6,0,7,1,0,47,4,0,4,0.261,0.290,0.401,0.691,-0.039,68.4,-1.58,110,0.336,31.6,10.5,53.5,64.0,4.4,0.49,5.5,7.3,1,3,0,0,,0,,28.4,28.4,17.4,11.0,14.7,68.9,31.1,31,31,19,12,16,62,28,11,14,6,6,4,25,10,0.355,0.452,0.316,0.500,0.250,0.403,0.357
문현빈,0.22,-0.66,54,168,167,151,21,40,6,2,4,62,23,2,4,15,0,0,34,7,1,1,0.265,0.329,0.411,0.740,-0.024,79.9,-0.44,114,0.316,49.6,5.0,42.9,47.9,2.5,1.04,7.0,15.0,0,2,3,2,0.600,8,37.5,15.1,16.8,22.7,27.7,17.6,58.7,41.3,18,20,27,33,21,54,38,4,6,12,7,11,18,10,0.222,0.300,0.444,0.212,0.524,0.333,0.263
최재훈,1.04,0.49,51,168,164,131,19,39,9,0,0,48,16,0,0,16,13,0,26,2,4,4,0.298,0.415,0.366,0.781,0.025,116.4,1.53,109,0.358,48.7,3.5,44.2,47.8,3.5,1.02,0.0,5.1,1,1,0,4,0.000,8,0.0,21.2,21.2,16.8,21.2,19.5,51.1,48.9,24,24,19,24,22,48,46,9,5,8,6,11,14,17,0.375,0.208,0.421,0.250,0.500,0.292,0.370
배정대,0.86,0.10,38,168,168,146,19,44,10,1,2,62,20,4,4,18,0,0,37,1,0,4,0.301,0.369,0.425,0.794,0.015,109.3,0.97,111,0.378,34.5,2.7,60.2,62.8,2.7,0.55,2.8,6.8,2,1,0,0,,2,0.0,21.2,22.1,20.4,14.2,22.1,54.4,45.6,24,25,23,16,25,49,41,11,11,10,4,8,22,12,0.458,0.440,0.435,0.250,0.320,0.449,0.293
황영묵,0.58,0.22,51,168,167,155,23,49,6,1,1,60,20,2,4,10,2,0,21,3,1,0,0.316,0.365,0.387,0.752,0.001,99.1,0.79,133,0.361,55.6,3.7,38.5,42.2,2.2,1.32,1.8,10.2,2,5,0,1,0.000,7,0.0,23.0,20.7,14.8,23.7,17.8,48.7,51.3,31,28,20,32,24,56,59,9,10,9,9,12,21,19,0.290,0.357,0.450,0.281,0.500,0.375,0.322
나성범,0.29,-0.35,38,167,166,145,16,34,3,1,7,60,25,0,0,22,0,1,40,4,0,0,0.234,0.335,0.414,0.749,-0.019,84.1,-0.06,98,0.276,50.5,3.8,43.8,47.6,1.9,1.06,14.0,2.9,0,1,0,0,,0,,17.1,15.2,15.2,29.5,22.9,61.8,38.2,18,16,16,31,24,55,34,7,8,3,7,9,16,15,0.389,0.500,0.188,0.226,0.375,0.291,0.441
정훈,0.67,-0.15,44,165,165,149,15,40,9,0,5,64,20,1,0,15,0,0,28,1,0,1,0.268,0.333,0.430,0.763,-0.003,96.0,0.51,117,0.299,45.1,4.9,45.1,50.0,4.9,0.90,8.2,10.0,2,4,0,0,,0,,19.7,25.4,21.3,24.6,9.0,57.3,42.7,24,31,26,30,11,55,41,8,12,10,7,3,20,10,0.333,0.387,0.385,0.233,0.273,0.364,0.244
나승엽,1.23,-0.14,44,165,165,145,19,47,15,3,1,71,17,0,0,18,0,0,34,0,0,2,0.324,0.394,0.490,0.884,0.034,124.2,1.09,112,0.411,38.1,1.8,54.9,56.6,5.3,0.67,1.6,4.3,1,2,0,0,,0,,10.6,20.4,15.9,24.8,28.3,63.2,36.8,12,23,18,28,32,60,35,5,8,6,12,16,28,13,0.417,0.348,0.333,0.429,0.500,0.467,0.371
류지혁,0.67,0.02,45,164,163,142,21,42,5,0,1,50,22,4,3,16,3,0,33,2,1,2,0.296,0.374,0.352,0.726,0.004,101.3,0.69,110,0.373,56.3,0.9,38.4,39.3,4.5,1.43,2.3,14.3,4,6,0,1,0.000,3,0.0,15.2,24.1,14.3,20.5,25.9,54.2,45.8,17,27,16,23,29,52,44,8,9,5,5,15,20,17,0.471,0.333,0.313,0.217,0.517,0.385,0.386
이도윤,0.20,0.75,62,164,162,146,22,41,3,2,0,48,20,3,3,12,2,0,22,1,2,2,0.281,0.340,0.329,0.669,-0.022,81.7,0.95,126,0.325,48.4,5.5,45.3,50.8,0.8,0.95,0.0,7.3,3,7,2,4,0.333,13,15.4,18.0,20.3,17.2,18.8,25.8,53.8,46.2,23,26,22,24,33,57,49,9,9,6,5,12,17,18,0.391,0.346,0.273,0.208,0.364,0.298,0.367
이재현,1.42,0.36,38,159,158,142,27,48,10,0,7,79,26,1,0,16,0,1,29,1,0,1,0.338,0.403,0.556,0.959,0.048,134.0,1.78,107,0.383,37.7,7.0,54.4,61.4,0.9,0.61,10.0,6.3,1,6,0,1,0.000,2,0.0,25.4,22.8,14.0,22.8,14.9,56.1,43.9,29,26,16,26,17,55,43,16,8,11,8,5,24,13,0.552,0.308,0.688,0.308,0.294,0.436,0.302
손호영,1.40,-0.42,41,158,156,149,24,50,11,2,5,80,28,6,4,5,3,1,25,3,1,0,0.336,0.369,0.537,0.906,0.047,133.6,0.98,119,0.378,38.4,5.6,52.0,57.6,4.0,0.67,6.9,4.0,3,4,0,1,0.000,1,0.0,28.0,24.0,16.0,16.0,16.0,61.9,38.1,35,30,20,20,20,65,40,22,9,5,8,6,31,14,0.629,0.300,0.250,0.400,0.300,0.477,0.350
한준수,0.22,0.39,54,152,152,135,16,38,8,0,3,55,19,0,0,11,2,0,28,2,0,4,0.281,0.336,0.407,0.743,-0.012,88.9,0.62,108,0.324,43.2,8.1,45.9,54.1,2.7,0.80,5.0,5.3,0,2,0,0,,1,0.0,25.2,12.6,16.2,18.0,27.9,54.8,45.2,28,14,18,20,31,51,42,10,4,5,4,15,19,14,0.357,0.286,0.278,0.200,0.484,0.373,0.333
유강남,-0.60,0.41,51,152,150,135,9,26,3,0,5,44,20,0,0,8,6,0,25,4,2,1,0.193,0.267,0.326,0.593,-0.071,45.2,-0.19,106,0.198,56.6,8.0,27.4,35.4,8.0,1.60,12.5,7.7,2,6,0,3,0.000,4,0.0,23.0,25.7,17.7,18.6,15.0,59.1,40.9,26,29,20,21,17,55,38,12,5,3,4,2,17,6,0.462,0.172,0.150,0.191,0.118,0.309,0.158
조용호,-0.36,-0.39,54,150,147,136,15,33,4,0,0,37,11,5,1,11,0,0,24,5,3,0,0.243,0.299,0.272,0.571,-0.067,48.4,-0.75,112,0.295,54.8,5.2,36.5,41.7,3.5,1.31,0.0,15.2,2,5,2,4,0.333,12,16.7,23.5,13.9,18.3,20.9,23.5,54.3,45.7,27,16,21,24,27,51,43,2,6,8,4,13,17,8,0.074,0.375,0.381,0.167,0.482,0.333,0.186
이용규,1.13,-0.01,37,150,148,120,16,37,3,0,1,43,8,2,1,22,5,0,21,3,2,1,0.308,0.432,0.358,0.790,0.035,124.6,1.12,99,0.364,49.0,3.9,43.1,47.1,3.9,1.04,2.1,2.7,2,2,0,3,0.000,6,0.0,13.7,25.5,16.7,19.6,24.5,52.9,47.1,14,26,17,20,25,45,40,7,7,9,3,11,14,14,0.500,0.269,0.529,0.150,0.440,0.311,0.350
고영우,0.44,-0.40,46,145,144,127,12,39,6,0,0,45,16,0,0,15,0,0,33,0,1,2,0.307,0.375,0.354,0.729,-0.009,91.3,0.04,96,0.406,44.3,5.2,46.4,51.5,4.1,0.86,0.0,15.4,1,2,0,1,0.000,6,0.0,30.9,22.7,21.6,14.4,10.3,68.4,31.6,30,22,21,14,10,52,24,20,7,7,4,1,27,5,0.667,0.318,0.333,0.286,0.100,0.519,0.208
황성빈,1.69,-0.16,52,144,143,129,40,43,2,3,4,63,12,27,2,14,0,0,17,1,1,0,0.333,0.399,0.488,0.887,0.046,132.5,1.53,108,0.361,55.8,1.8,41.6,43.4,0.9,1.29,8.2,25.6,2,4,2,3,0.400,17,11.8,15.9,17.7,19.5,25.7,21.2,58.2,41.8,18,20,22,29,24,53,38,8,5,8,8,14,22,13,0.444,0.250,0.364,0.276,0.583,0.415,0.342
서건창,0.82,0.04,51,134,134,112,21,32,7,1,1,44,12,3,1,20,1,0,15,1,0,1,0.286,0.396,0.393,0.789,0.017,110.7,0.86,97,0.320,41.8,2.0,48.0,50.0,8.2,0.84,2.0,0.0,0,3,1,1,0.500,3,33.3,21.4,23.5,8.2,14.3,32.7,51.1,48.9,21,23,8,14,32,46,44,5,6,1,5,15,20,11,0.238,0.261,0.125,0.357,0.469,0.435,0.250
전민재,0.22,0.05,50,132,130,121,20,36,4,0,2,46,18,3,2,7,1,0,25,3,2,1,0.298,0.338,0.380,0.718,-0.013,88.6,0.26,95,0.358,54.5,7.1,36.4,43.4,2.0,1.26,4.7,11.1,2,5,0,4,0.000,8,0.0,21.6,30.9,18.6,8.2,20.6,63.8,36.3,21,30,18,8,20,51,29,11,11,6,2,6,22,8,0.524,0.367,0.333,0.250,0.300,0.431,0.276
박준영,0.42,0.83,37,128,127,109,18,25,6,1,4,45,16,0,0,15,2,0,33,0,1,1,0.229,0.331,0.413,0.744,-0.003,95.9,1.25,73,0.288,34.6,15.4,47.4,62.8,2.6,0.55,8.2,16.0,1,3,0,1,0.000,2,0.0,27.3,26.0,7.8,22.1,16.9,57.7,42.3,21,20,6,17,13,41,30,9,8,2,4,2,17,6,0.429,0.400,0.333,0.235,0.154,0.415,0.200
김헌곤,0.67,-0.25,51,125,124,115,18,36,6,0,4,54,16,2,1,8,1,0,25,1,1,0,0.313,0.363,0.470,0.833,0.016,110.1,0.42,86,0.372,47.3,2.2,45.1,47.3,5.5,1.00,9.3,11.1,1,0,0,1,0.000,5,0.0,24.2,24.2,15.4,18.7,17.6,57.1,42.9,22,22,14,17,16,44,33,10,7,5,5,9,17,14,0.455,0.318,0.357,0.294,0.563,0.386,0.424
김태군,0.25,0.41,50,124,122,107,14,26,3,0,3,38,18,0,0,8,7,0,11,6,2,0,0.243,0.336,0.355,0.691,-0.018,85.2,0.66,93,0.247,49.0,8.2,41.8,50.0,1.0,0.98,6.1,0.0,2,4,0,2,0.000,3,0.0,33.0,22.7,19.6,16.5,8.2,69.2,30.8,32,22,19,16,8,54,24,12,4,5,2,3,16,5,0.375,0.182,0.263,0.125,0.375,0.296,0.208
이창진,0.58,-0.45,56,124,121,90,19,21,5,0,0,26,8,2,1,28,1,0,22,2,3,2,0.233,0.413,0.289,0.702,0.004,101.2,0.13,70,0.300,45.2,5.5,47.9,53.4,1.4,0.85,0.0,9.5,0,1,0,3,0.000,4,0.0,27.4,17.8,6.8,24.7,23.3,48.5,51.5,20,13,5,18,17,33,35,8,4,3,3,3,12,6,0.400,0.308,0.600,0.167,0.177,0.364,0.171
오재일,-0.20,-0.61,38,118,118,104,10,20,7,1,5,44,12,0,0,13,0,0,35,6,0,1,0.192,0.280,0.423,0.703,-0.052,58.5,-0.81,65,0.231,32.9,5.7,60.0,65.7,1.4,0.50,10.9,0.0,0,1,0,0,,0,,14.5,11.6,13.0,31.9,29.0,70.0,30.0,10,8,9,22,20,42,18,0,3,2,7,8,15,3,0.000,0.375,0.222,0.318,0.400,0.357,0.167
김기연,0.29,0.36,38,112,112,102,14,28,5,0,2,39,11,0,2,8,2,0,18,3,0,0,0.275,0.339,0.382,0.721,-0.003,96.1,0.65,82,0.317,46.4,10.7,39.3,50.0,3.6,0.93,4.8,0.0,1,0,0,1,0.000,1,0.0,24.4,23.2,26.8,11.0,14.6,65.6,34.4,20,19,22,9,12,40,21,11,1,7,3,6,12,9,0.550,0.053,0.318,0.333,0.500,0.300,0.429
추신수,0.74,-0.11,28,110,109,86,19,25,4,0,2,35,12,4,1,17,3,0,26,0,1,3,0.291,0.413,0.407,0.820,0.027,118.4,0.63,61,0.377,37.5,6.3,53.1,59.4,3.1,0.63,5.3,8.0,2,0,0,1,0.000,3,0.0,14.1,21.9,17.2,29.7,17.2,56.6,43.4,9,14,11,19,11,30,23,4,5,5,7,4,11,9,0.444,0.357,0.455,0.368,0.364,0.367,0.391
김범석,0.49,-0.10,34,109,108,98,11,28,2,0,5,45,19,0,0,10,1,2,29,1,0,0,0.286,0.358,0.459,0.817,0.007,103.1,0.38,64,0.359,36.2,1.4,58.0,59.4,4.3,0.61,12.2,7.1,1,2,0,0,,0,,24.6,20.3,24.6,17.4,13.0,59.6,40.4,17,14,17,12,9,31,21,9,8,5,1,5,17,6,0.529,0.571,0.294,0.083,0.556,0.548,0.286
이학주,0.19,-0.26,37,102,100,93,13,25,2,2,2,37,4,0,1,6,1,0,42,0,2,0,0.269,0.320,0.398,0.718,-0.014,88.1,-0.06,49,0.469,39.6,5.7,54.7,60.4,0.0,0.66,6.3,16.0,2,0,0,4,0.000,5,0.0,13.2,18.9,24.5,13.2,30.2,57.5,42.5,7,10,13,7,16,23,17,4,3,7,2,9,11,7,0.571,0.300,0.539,0.286,0.563,0.478,0.412
신본기,1.12,0.27,48,101,96,76,13,24,3,0,3,36,15,2,0,15,3,0,18,3,5,2,0.316,0.438,0.474,0.912,0.065,145.2,1.39,57,0.368,47.7,6.2,44.6,50.8,1.5,0.94,9.1,0.0,2,1,0,5,0.000,8,0.0,24.6,26.2,24.6,13.8,10.8,67.3,32.7,16,17,16,9,7,33,16,9,4,6,2,3,13,5,0.563,0.235,0.375,0.222,0.429,0.394,0.313
오태곤,0.58,0.54,61,101,99,90,12,26,5,0,1,34,8,13,0,9,0,2,23,0,1,1,0.289,0.350,0.378,0.728,-0.007,92.9,1.12,67,0.373,37.7,17.4,40.6,58.0,4.3,0.65,2.5,11.5,2,0,0,2,0.000,6,0.0,17.6,26.5,16.2,10.3,29.4,52.6,47.4,12,18,11,7,20,30,27,6,5,6,2,7,11,9,0.500,0.278,0.546,0.286,0.350,0.367,0.333
변상권,-0.07,0.29,34,97,97,89,5,23,1,0,2,30,11,0,0,7,0,0,22,3,0,1,0.258,0.309,0.337,0.646,-0.039,68.6,0.22,66,0.318,48.5,2.9,39.7,42.6,8.8,1.14,6.9,4.3,1,2,0,0,,0,,14.7,14.7,13.2,26.5,30.9,66.1,33.9,10,10,9,18,21,39,20,3,1,4,5,10,15,4,0.300,0.100,0.444,0.278,0.476,0.385,0.200
이원석,-0.17,-0.44,32,93,93,78,5,17,3,0,0,20,6,0,0,12,1,0,12,2,0,2,0.218,0.323,0.256,0.579,-0.054,57.3,-0.61,68,0.250,33.8,7.4,51.5,58.8,7.4,0.58,0.0,5.9,1,1,0,0,,0,,34.3,19.4,23.9,10.4,11.9,70.6,29.4,23,13,16,7,8,36,15,6,2,7,1,1,8,2,0.261,0.154,0.438,0.143,0.125,0.222,0.133
이병헌,0.02,0.27,47,92,91,80,3,22,3,0,1,28,6,0,0,9,2,0,30,0,1,0,0.275,0.363,0.350,0.713,-0.024,79.9,0.29,49,0.429,45.1,3.9,47.1,51.0,3.9,0.88,3.8,13.6,0,2,0,2,0.000,2,0.0,28.0,26.0,14.0,20.0,12.0,61.4,38.6,14,13,7,10,6,27,17,7,5,3,5,2,12,7,0.500,0.385,0.429,0.500,0.333,0.444,0.412
김재상,-0.19,0.29,35,91,90,84,13,20,4,0,2,30,12,4,0,5,0,0,23,0,1,1,0.238,0.278,0.357,0.635,-0.074,42.4,0.10,60,0.300,58.7,3.2,36.5,39.7,1.6,1.48,8.0,10.0,0,3,0,3,0.000,3,0.0,14.5,29.0,17.7,12.9,25.8,46.2,53.8,9,18,11,8,16,24,28,2,5,4,1,7,8,8,0.222,0.278,0.364,0.125,0.438,0.333,0.286
김현준,-0.74,0.42,32,89,88,78,9,12,6,1,0,20,6,0,0,6,2,0,25,4,1,2,0.154,0.227,0.256,0.483,-0.113,13.8,-0.33,55,0.218,48.2,1.8,46.4,48.2,3.6,1.00,0.0,0.0,0,2,0,2,0.000,2,0.0,25.0,16.1,8.9,32.1,17.9,54.9,45.1,14,9,5,18,10,28,23,7,1,1,1,2,3,8,0.500,0.111,0.200,0.056,0.200,0.107,0.348
이형종,0.93,0.02,21,87,87,71,18,19,3,0,4,34,17,1,0,15,1,0,17,0,0,0,0.268,0.402,0.479,0.881,0.056,141.0,0.95,50,0.300,40.7,5.6,53.7,59.3,0.0,0.69,12.5,21.1,2,0,0,0,,1,0.0,27.8,29.6,22.2,11.1,9.3,73.8,26.2,15,16,12,6,5,31,11,6,7,3,0,3,13,3,0.400,0.438,0.250,0.000,0.600,0.419,0.273
최항,-0.53,0.13,41,87,87,79,5,17,2,0,0,19,7,0,0,8,0,0,19,2,0,0,0.215,0.287,0.241,0.528,-0.093,27.7,-0.40,60,0.283,46.7,5.0,40.0,45.0,8.3,1.04,0.0,5.9,0,3,0,0,,3,0.0,23.3,18.3,15.0,28.3,15.0,51.0,49.0,14,11,9,17,9,26,25,2,4,4,5,2,7,6,0.143,0.364,0.444,0.294,0.222,0.269,0.240
최정원,0.24,0.07,40,87,86,70,17,19,2,0,0,21,8,5,3,12,3,0,19,1,1,1,0.271,0.395,0.300,0.695,-0.013,88.6,0.31,52,0.365,67.9,0.0,30.2,30.2,1.9,2.25,0.0,21.1,0,2,0,1,0.000,4,0.0,30.2,22.6,15.1,20.8,11.3,37.8,62.2,16,12,8,11,6,17,28,10,4,2,2,1,3,14,0.625,0.333,0.250,0.182,0.167,0.177,0.500
도태훈,0.05,0.21,44,86,84,67,7,14,3,0,0,17,6,0,0,12,4,0,17,2,2,1,0.209,0.357,0.254,0.611,-0.029,76.9,0.27,51,0.275,52.8,7.5,37.7,45.3,1.9,1.17,0.0,0.0,1,4,0,2,0.000,4,0.0,11.3,9.4,11.3,26.4,41.5,76.6,23.4,6,5,6,14,22,36,11,1,0,3,3,7,10,1,0.167,0.000,0.500,0.214,0.318,0.278,0.091
김민성,0.03,0.14,35,84,84,70,6,14,5,0,2,25,8,0,1,10,3,0,18,1,0,1,0.200,0.321,0.357,0.678,-0.028,77.1,0.17,51,0.235,34.0,11.3,49.1,60.4,5.7,0.56,6.3,7.1,1,0,0,0,,0,,28.3,26.4,15.1,13.2,17.0,64.4,35.6,15,14,8,7,9,29,16,9,2,2,0,1,11,1,0.600,0.143,0.250,0.000,0.111,0.379,0.063
장진혁,0.04,-0.18,27,82,81,73,16,17,2,0,2,25,12,6,1,6,1,0,23,1,1,1,0.233,0.296,0.342,0.638,-0.043,66.4,-0.14,49,0.306,44.2,1.9,50.0,51.9,3.8,0.85,7.4,5.9,2,2,0,1,0.000,2,0.0,5.8,19.2,19.2,19.2,36.5,69.0,31.0,3,10,10,10,19,29,13,0,1,5,2,9,11,1,0.000,0.100,0.500,0.200,0.474,0.379,0.077
김민석,-0.30,-0.17,30,79,78,73,9,15,3,1,0,20,6,2,1,2,3,0,18,4,1,0,0.205,0.256,0.274,0.530,-0.080,38.4,-0.47,55,0.273,48.2,0.0,48.2,48.2,3.6,1.00,0.0,0.0,2,3,0,2,0.000,2,0.0,14.3,19.6,25.0,19.6,21.4,54.8,45.2,8,11,14,11,12,23,19,3,2,5,0,5,5,5,0.375,0.182,0.357,0.000,0.417,0.217,0.263
정은원,-0.11,0.18,27,78,77,64,10,11,3,1,1,19,6,2,0,13,0,0,16,0,1,0,0.172,0.312,0.297,0.609,-0.052,59.2,0.07,47,0.213,49.0,6.1,42.9,49.0,2.0,1.00,4.2,0.0,0,4,0,3,0.000,4,0.0,6.3,20.8,16.7,27.1,29.2,67.5,32.5,3,10,8,13,14,27,13,0,2,2,2,5,7,2,0.000,0.200,0.250,0.154,0.357,0.259,0.154
박세혁,0.19,0.04,41,78,75,67,4,17,5,0,0,22,4,1,0,7,1,0,23,2,3,0,0.254,0.333,0.328,0.661,-0.020,83.4,0.23,44,0.386,42.6,6.4,44.7,51.1,6.4,0.83,0.0,0.0,1,1,0,3,0.000,8,0.0,10.6,12.8,21.3,36.2,19.1,70.3,29.7,5,6,10,17,9,26,11,1,1,4,5,6,11,2,0.200,0.167,0.400,0.294,0.667,0.423,0.182
김대한,-0.58,0.03,45,78,76,65,8,9,1,0,0,10,5,1,1,8,2,0,22,1,2,1,0.138,0.250,0.154,0.404,-0.115,13.5,-0.54,44,0.205,39.1,10.9,43.5,54.3,6.5,0.72,0.0,0.0,1,3,0,3,0.000,4,0.0,20.0,26.7,20.0,17.8,15.6,56.8,43.2,9,12,9,8,7,21,16,2,4,3,0,0,6,0,0.222,0.333,0.333,0.000,0.000,0.286,0.000
김성윤,-0.22,0.03,28,77,74,63,13,14,2,0,0,16,6,3,1,8,1,0,15,1,3,2,0.222,0.311,0.254,0.565,-0.068,48.8,-0.19,50,0.280,60.4,1.9,34.0,35.8,3.8,1.68,0.0,35.7,1,6,3,4,0.429,10,30.0,11.3,22.6,18.9,34.0,13.2,58.1,41.9,6,12,10,18,7,25,18,2,2,3,4,3,7,4,0.333,0.167,0.300,0.222,0.429,0.280,0.222
이유찬,0.55,0.44,45,74,73,65,16,21,3,0,1,27,7,5,4,7,1,0,11,3,1,0,0.323,0.397,0.415,0.812,0.038,126.8,1.00,53,0.377,45.5,10.9,43.6,54.5,0.0,0.83,3.3,9.5,1,1,0,1,0.000,2,0.0,16.4,27.3,16.4,27.3,12.7,52.2,47.8,9,15,9,15,7,24,22,6,2,5,6,2,8,8,0.667,0.133,0.556,0.400,0.286,0.333,0.364
허도환,-0.18,-0.30,33,72,67,55,8,10,2,0,0,12,9,0,0,5,6,0,19,2,5,1,0.182,0.313,0.218,0.531,-0.073,46.8,-0.48,37,0.270,59.5,11.9,28.6,40.5,0.0,1.47,0.0,0.0,0,2,0,7,0.000,13,0.0,19.5,36.6,19.5,14.6,9.8,69.7,30.3,8,15,8,6,4,23,10,4,3,1,1,1,7,2,0.500,0.200,0.125,0.167,0.250,0.304,0.200
정보근,-0.13,-0.08,33,70,68,67,3,16,0,1,2,24,4,0,0,1,0,0,14,3,2,0,0.239,0.250,0.358,0.608,-0.055,57.5,-0.22,51,0.275,36.4,5.5,47.3,52.7,10.9,0.69,6.9,6.3,1,2,0,2,0.000,5,0.0,16.4,23.6,18.2,27.3,14.5,48.9,51.1,9,13,10,15,8,22,23,5,3,2,2,4,8,6,0.556,0.231,0.200,0.133,0.500,0.364,0.261
오윤석,0.16,0.18,30,69,69,57,11,15,3,0,1,21,10,0,0,10,0,0,16,3,0,2,0.263,0.362,0.368,0.730,-0.021,82.1,0.34,42,0.333,53.5,4.7,37.2,41.9,4.7,1.28,5.6,13.3,0,4,0,0,,0,,26.2,23.8,14.3,19.0,16.7,58.3,41.7,11,10,6,8,7,21,15,6,2,3,3,1,8,4,0.546,0.200,0.500,0.375,0.143,0.381,0.267
노진혁,-0.62,-0.03,27,68,68,59,4,9,2,0,0,11,4,0,0,6,1,0,17,1,0,2,0.153,0.235,0.186,0.421,-0.118,8.9,-0.65,44,0.205,43.2,4.5,52.3,56.8,0.0,0.76,0.0,22.2,2,0,0,0,,0,,20.9,11.6,11.6,34.9,20.9,61.5,38.5,9,5,5,15,9,24,15,1,0,0,5,3,8,1,0.111,0.000,0.000,0.333,0.333,0.333,0.067
안상현,-0.53,0.09,28,68,67,63,2,11,1,0,0,12,2,1,1,4,0,0,14,0,1,0,0.175,0.224,0.190,0.414,-0.124,5.3,-0.44,49,0.225,48.0,4.0,42.0,46.0,6.0,1.04,0.0,27.3,1,3,1,2,0.333,9,11.1,16.3,16.3,14.3,30.6,22.4,39.5,60.5,8,8,7,15,11,17,26,2,1,1,3,3,4,6,0.250,0.125,0.143,0.200,0.273,0.235,0.231
김강민,0.14,0.12,31,66,66,58,4,17,0,0,1,20,6,0,0,5,3,0,16,1,0,0,0.293,0.379,0.345,0.724,-0.013,88.1,0.26,41,0.390,40.5,2.4,47.6,50.0,9.5,0.81,4.8,11.8,0,2,0,0,,1,0.0,33.3,26.2,16.7,4.8,19.0,71.4,28.6,14,11,7,2,8,25,10,6,2,4,0,5,8,5,0.429,0.182,0.571,0.000,0.625,0.320,0.500
김성현,0.12,0.32,19,66,65,56,10,13,2,0,0,15,5,1,0,5,4,0,8,2,1,0,0.232,0.338,0.268,0.606,-0.029,76.9,0.44,48,0.271,44.9,4.1,44.9,49.0,6.1,0.92,0.0,0.0,1,0,0,2,0.000,5,0.0,10.2,28.6,12.2,24.5,24.5,44.2,55.8,5,14,6,12,12,19,24,1,3,3,3,3,4,6,0.200,0.214,0.500,0.250,0.250,0.211,0.250
안주형,-0.05,-0.24,21,65,62,57,8,13,2,0,0,15,3,3,1,4,1,0,12,1,3,0,0.228,0.290,0.263,0.553,-0.057,56.9,-0.29,45,0.289,58.3,4.2,35.4,39.6,2.1,1.47,0.0,23.1,3,3,1,5,0.167,12,8.3,27.1,18.8,16.7,22.9,14.6,45.0,55.0,13,9,8,11,7,18,22,2,4,2,3,2,5,6,0.154,0.444,0.250,0.273,0.286,0.278,0.273
이정훈,0.28,-0.18,23,65,65,56,7,16,5,0,0,21,13,0,0,8,0,0,15,3,0,1,0.286,0.369,0.375,0.744,0.001,98.7,0.09,42,0.381,54.8,0.0,42.9,42.9,2.4,1.28,0.0,0.0,1,1,0,0,,0,,14.3,19.0,11.9,26.2,28.6,62.2,37.8,6,8,5,11,12,23,14,4,4,2,3,3,6,8,0.667,0.500,0.400,0.273,0.250,0.261,0.571
이재상,-0.50,-0.46,24,64,63,61,6,13,1,0,1,17,4,0,0,0,2,0,24,0,1,0,0.213,0.238,0.279,0.517,-0.104,20.4,-0.96,36,0.333,44.7,13.2,34.2,47.4,7.9,0.94,5.6,7.7,1,1,0,1,0.000,1,0.0,47.4,28.9,7.9,10.5,5.3,82.9,17.1,18,11,3,4,2,29,6,9,2,1,1,0,11,1,0.500,0.182,0.333,0.250,0.000,0.379,0.167
이진영,-0.09,0.12,23,63,63,55,9,11,4,0,0,15,8,0,0,6,2,0,18,1,0,0,0.200,0.302,0.273,0.575,-0.065,48.7,0.02,37,0.297,56.8,5.4,32.4,37.8,5.4,1.50,0.0,0.0,0,3,0,0,,0,,29.7,21.6,16.2,16.2,16.2,61.3,38.7,11,8,6,6,6,19,12,1,3,3,3,1,4,4,0.091,0.375,0.500,0.500,0.167,0.211,0.333
하주석,-0.20,-0.11,21,62,61,57,3,14,4,0,0,18,4,1,2,3,1,0,17,0,1,0,0.246,0.295,0.316,0.611,-0.059,54.3,-0.30,40,0.350,58.5,2.4,39.0,41.5,0.0,1.41,0.0,14.3,0,3,0,2,0.000,5,0.0,12.5,22.5,5.0,30.0,30.0,63.2,36.8,5,9,2,12,12,24,14,1,3,2,4,4,8,4,0.200,0.333,1.000,0.333,0.333,0.333,0.286
김재호,0.01,-0.46,23,62,60,50,6,13,3,0,0,16,3,0,0,8,1,0,8,2,2,1,0.260,0.367,0.320,0.687,-0.017,85.9,-0.45,43,0.302,40.0,2.2,51.1,53.3,6.7,0.75,0.0,23.1,0,0,0,2,0.000,3,0.0,11.1,37.8,20.0,15.6,15.6,61.1,38.9,5,17,9,7,7,22,14,2,4,3,2,2,6,4,0.400,0.235,0.333,0.286,0.286,0.273,0.286
홍종표,0.28,-0.27,38,61,60,54,12,16,3,2,0,23,5,1,2,5,1,0,16,0,1,0,0.296,0.367,0.426,0.793,0.007,103.6,0.01,38,0.421,69.2,2.6,28.2,30.8,0.0,2.25,0.0,12.5,0,6,1,3,0.250,9,11.1,12.8,20.5,30.8,15.4,20.5,51.9,48.1,5,8,12,6,8,14,13,3,2,5,1,5,6,5,0.600,0.250,0.417,0.167,0.625,0.429,0.385
박수종,-0.46,-0.27,26,61,60,54,7,10,0,0,0,10,3,0,0,5,1,0,5,1,1,0,0.185,0.267,0.185,0.452,-0.101,22.9,-0.73,49,0.204,54.0,8.0,34.0,42.0,4.0,1.29,0.0,20.0,1,0,0,2,0.000,2,0.0,14.0,18.0,24.0,26.0,18.0,42.1,57.9,7,9,12,13,9,16,22,1,1,4,2,2,2,4,0.143,0.111,0.333,0.154,0.222,0.125,0.182
박지환,0.98,0.28,18,61,60,55,11,24,3,1,1,32,9,3,1,4,1,0,10,1,1,0,0.436,0.483,0.582,1.065,0.129,194.6,1.26,44,0.523,50.0,4.3,39.1,43.5,6.5,1.15,5.0,8.3,0,2,1,1,0.500,2,50.0,33.3,17.8,22.2,13.3,13.3,65.7,34.3,15,8,10,6,6,23,12,7,4,7,3,3,11,6,0.467,0.500,0.700,0.500,0.500,0.478,0.500
임종찬,-0.18,-0.10,21,60,60,54,8,8,3,2,0,15,7,0,1,5,1,0,17,2,0,0,0.148,0.233,0.278,0.511,-0.079,38.2,-0.28,37,0.216,43.2,2.7,54.1,56.8,0.0,0.76,0.0,0.0,1,3,0,0,,0,,18.9,10.8,13.5,32.4,24.3,65.6,34.4,7,4,5,12,9,21,11,0,1,0,2,5,7,1,0.000,0.250,0.000,0.167,0.556,0.333,0.091
김건희,0.29,0.05,19,59,59,52,5,17,2,0,1,22,8,0,0,6,0,0,18,3,0,1,0.327,0.390,0.423,0.813,0.014,108.7,0.34,34,0.471,62.9,2.9,31.4,34.3,2.9,1.83,8.3,11.8,0,3,0,0,,0,,17.1,25.7,31.4,11.4,14.3,62.5,37.5,6,9,11,4,5,15,9,2,3,7,1,4,5,5,0.333,0.333,0.636,0.250,0.800,0.333,0.556
정준재,0.25,0.48,23,59,58,51,10,15,2,1,0,19,4,3,2,7,0,0,15,1,1,0,0.294,0.379,0.373,0.752,0.001,99.2,0.73,36,0.417,56.8,0.0,43.2,43.2,0.0,1.31,0.0,26.7,0,2,2,1,0.667,8,25.0,16.2,21.6,13.5,29.7,18.9,56.3,43.8,6,8,5,11,7,18,14,2,4,2,3,4,7,6,0.333,0.500,0.400,0.273,0.571,0.389,0.429
임지열,-0.39,-0.42,21,55,55,47,4,5,0,0,1,8,5,0,0,7,0,0,16,2,0,1,0.106,0.218,0.170,0.388,-0.113,12.9,-0.81,31,0.129,46.9,9.4,40.6,50.0,3.1,0.94,6.3,20.0,2,3,0,0,,0,,15.6,25.0,21.9,15.6,21.9,52.0,48.0,5,8,7,5,7,13,12,0,1,1,0,3,1,3,0.000,0.125,0.143,0.000,0.429,0.077,0.250
이재원,0.23,0.07,22,54,53,45,4,15,0,0,0,15,6,0,0,5,2,1,8,1,1,1,0.333,0.415,0.333,0.748,0.005,102.0,0.29,38,0.395,41.0,0.0,56.4,56.4,2.6,0.73,0.0,0.0,0,1,0,1,0.000,1,0.0,15.4,20.5,28.2,23.1,12.8,50.0,50.0,6,8,11,9,5,14,14,3,3,3,3,3,6,6,0.500,0.375,0.273,0.333,0.600,0.429,0.429
천재환,0.24,-0.72,33,53,51,46,8,13,2,1,1,20,8,3,0,3,2,0,8,3,2,0,0.283,0.353,0.435,0.788,-0.007,93.4,-0.48,37,0.324,40.0,0.0,55.0,55.0,5.0,0.73,4.5,15.4,0,2,0,2,0.000,3,0.0,22.5,20.0,22.5,25.0,10.0,54.8,45.2,9,8,9,10,4,17,14,5,2,3,3,0,7,3,0.556,0.250,0.333,0.300,0.000,0.412,0.214
박상언,0.35,0.21,27,52,52,42,4,12,3,0,0,15,4,1,0,9,1,0,12,0,0,0,0.286,0.423,0.357,0.780,0.022,114.9,0.57,30,0.400,46.7,3.3,50.0,53.3,0.0,0.88,0.0,25.0,0,0,0,0,,0,,23.3,13.3,26.7,10.0,26.7,50.0,50.0,7,4,8,3,8,11,11,6,0,5,1,0,6,1,0.857,0.000,0.625,0.333,0.000,0.546,0.091
최경모,-0.08,0.09,50,50,43,35,12,6,0,0,0,6,0,6,3,8,0,0,7,2,7,0,0.171,0.326,0.171,0.497,-0.062,57.1,0.01,28,0.214,74.3,5.7,17.1,22.9,2.9,3.25,0.0,16.7,1,2,0,9,0.000,17,0.0,14.7,29.4,32.4,17.6,5.9,65.2,34.8,5,10,11,6,2,15,8,1,3,2,0,0,4,0,0.200,0.300,0.182,0.000,0.000,0.267,0.000
김민식,0.41,0.02,16,49,49,39,4,12,4,0,0,16,5,0,0,10,0,0,10,1,0,0,0.308,0.449,0.410,0.859,0.061,144.1,0.43,29,0.414,34.5,0.0,58.6,58.6,6.9,0.59,0.0,0.0,0,1,0,0,,0,,13.8,24.1,20.7,17.2,24.1,52.2,47.8,4,7,6,5,7,12,11,1,5,1,2,3,5,6,0.250,0.714,0.167,0.400,0.429,0.417,0.546
주성원,0.07,0.06,20,48,47,43,7,10,1,0,1,14,5,0,0,4,0,0,14,2,1,0,0.233,0.298,0.326,0.624,-0.035,71.9,0.14,28,0.321,60.0,6.7,30.0,36.7,3.3,1.64,9.1,0.0,1,2,0,1,0.000,1,0.0,33.3,26.7,23.3,10.0,6.7,78.3,21.7,10,8,7,3,2,18,5,3,1,4,1,1,4,2,0.300,0.125,0.571,0.333,0.500,0.222,0.400
안치영,-0.20,0.08,31,48,46,44,12,11,0,0,0,11,3,0,1,2,0,0,12,0,2,0,0.250,0.283,0.250,0.533,-0.083,37.7,-0.12,32,0.344,58.8,5.9,32.4,38.2,2.9,1.54,0.0,27.3,1,1,1,2,0.333,4,25.0,20.6,29.4,26.5,20.6,2.9,32.0,68.0,7,10,9,7,1,8,17,2,1,5,2,1,3,3,0.286,0.100,0.556,0.286,1.000,0.375,0.177
김재혁,-0.27,0.27,24,47,47,43,5,7,2,1,0,11,6,2,2,2,0,0,18,2,0,2,0.163,0.191,0.256,0.447,-0.110,15.2,0.00,27,0.259,44.4,0.0,55.6,55.6,0.0,0.80,0.0,0.0,2,1,0,1,0.000,2,0.0,18.5,22.2,7.4,33.3,18.5,44.0,56.0,5,6,2,9,5,11,14,2,0,0,3,2,2,5,0.400,0.000,0.000,0.333,0.400,0.182,0.357
임병욱,-0.04,-0.02,19,38,38,35,5,9,1,0,0,10,3,1,0,3,0,0,11,1,0,0,0.257,0.316,0.286,0.602,-0.064,49.6,-0.06,24,0.375,45.8,8.3,41.7,50.0,4.2,0.92,0.0,0.0,0,0,0,0,,0,,20.8,12.5,8.3,29.2,29.2,63.6,36.4,5,3,2,7,7,14,8,1,0,1,1,6,7,1,0.200,0.000,0.500,0.143,0.857,0.500,0.125
김태진,-0.29,-0.05,18,37,37,36,4,8,1,0,0,9,2,0,0,1,0,1,4,0,0,0,0.222,0.243,0.250,0.493,-0.115,10.8,-0.34,32,0.250,62.5,9.4,21.9,31.3,6.3,2.00,0.0,12.5,0,2,0,1,0.000,1,0.0,3.2,22.6,19.4,32.3,22.6,69.2,30.8,1,7,6,10,7,18,8,0,1,3,1,3,4,1,0.000,0.143,0.500,0.100,0.429,0.222,0.125
손성빈,0.07,0.18,23,36,36,32,8,6,0,1,2,14,4,0,0,4,0,0,8,1,0,0,0.188,0.278,0.438,0.716,-0.030,75.6,0.25,22,0.182,41.7,4.2,50.0,54.2,4.2,0.77,15.4,0.0,0,1,0,0,,0,,25.0,16.7,29.2,12.5,16.7,58.8,41.2,6,4,7,3,4,10,7,2,1,1,2,0,3,2,0.333,0.250,0.143,0.667,0.000,0.300,0.286
한동희,-0.28,-0.31,14,36,36,35,1,9,2,0,0,11,3,0,0,1,0,1,9,1,0,0,0.257,0.278,0.314,0.592,-0.086,33.3,-0.59,26,0.346,42.3,7.7,34.6,42.3,15.4,1.00,0.0,0.0,0,1,0,0,,0,,30.8,26.9,11.5,11.5,19.2,65.2,34.8,8,7,3,3,5,15,8,4,0,2,1,2,4,3,0.500,0.000,0.667,0.333,0.400,0.267,0.375
김호령,-0.16,0.46,34,36,36,31,5,5,0,0,1,8,3,2,1,5,0,0,16,0,0,0,0.161,0.278,0.258,0.536,-0.088,31.3,0.30,14,0.286,46.7,6.7,46.7,53.3,0.0,0.88,12.5,20.0,0,0,1,1,0.500,2,50.0,33.3,26.7,20.0,0.0,20.0,75.0,25.0,5,4,3,0,3,9,3,2,2,1,0,0,4,0,0.400,0.500,0.333,,0.000,0.444,0.000
전의산,-0.48,-0.26,16,35,35,32,1,3,0,0,1,6,2,0,0,3,0,0,9,1,0,0,0.094,0.171,0.188,0.359,-0.178,-37.0,-0.73,22,0.091,47.8,4.3,43.5,47.8,4.3,1.00,9.1,0.0,0,0,0,0,,0,,17.4,17.4,30.4,17.4,17.4,50.0,50.0,4,4,7,4,4,8,8,0,0,1,2,0,2,0,0.000,0.000,0.143,0.500,0.000,0.250,0.000
오영수,0.07,0.14,20,34,34,30,4,6,0,0,3,15,5,0,0,2,1,0,6,0,0,1,0.200,0.265,0.500,0.765,-0.020,83.4,0.21,22,0.136,12.0,0.0,84.0,84.0,4.0,0.14,14.3,0.0,1,0,0,0,,2,0.0,28.0,16.0,20.0,16.0,20.0,45.0,55.0,7,4,5,4,5,9,11,2,0,0,2,2,4,2,0.286,0.000,0.000,0.500,0.400,0.444,0.182
전병우,-0.12,0.18,13,34,34,28,2,5,2,0,0,7,3,0,0,4,1,0,11,0,0,1,0.179,0.294,0.250,0.544,-0.073,42.7,0.06,18,0.278,27.8,5.6,66.7,72.2,0.0,0.38,0.0,0.0,0,1,0,1,0.000,1,0.0,33.3,27.8,11.1,5.6,22.2,68.8,31.3,6,5,2,1,4,11,5,1,3,0,1,0,4,1,0.167,0.600,0.000,1.000,0.000,0.364,0.200
조형우,-0.03,-0.20,14,33,33,28,4,7,0,0,0,7,4,0,0,1,4,0,4,0,0,0,0.250,0.364,0.250,0.614,-0.042,66.0,-0.24,24,0.292,54.2,12.5,25.0,37.5,8.3,1.44,0.0,14.3,0,1,0,0,,0,,16.7,25.0,33.3,20.8,4.2,62.5,37.5,4,6,8,5,1,10,6,2,2,2,1,0,4,1,0.500,0.333,0.250,0.200,0.000,0.400,0.167
변우혁,-0.13,-0.26,15,32,32,31,2,7,1,2,0,12,1,0,0,1,0,0,13,3,0,0,0.226,0.250,0.387,0.637,-0.077,40.0,-0.39,18,0.389,44.4,0.0,44.4,44.4,11.1,1.00,0.0,14.3,0,0,0,0,,0,,22.2,33.3,11.1,22.2,11.1,62.5,37.5,4,6,2,4,2,10,6,1,0,2,4,0,1,4,0.250,0.000,1.000,1.000,0.000,0.100,0.667
강진성,-0.17,0.09,16,31,30,27,4,5,0,0,0,5,2,0,0,3,0,0,5,0,1,0,0.185,0.267,0.185,0.452,-0.084,36.7,-0.07,22,0.227,60.9,4.3,34.8,39.1,0.0,1.56,0.0,0.0,1,1,0,1,0.000,1,0.0,21.7,21.7,34.8,17.4,4.3,66.7,33.3,5,5,8,4,1,10,5,1,0,2,1,1,1,2,0.200,0.000,0.250,0.250,1.000,0.100,0.400
김한별,0.21,-0.15,18,31,31,27,6,10,1,0,0,11,2,0,0,1,3,0,7,0,0,0,0.370,0.452,0.407,0.859,0.042,130.1,0.06,20,0.500,60.0,0.0,25.0,25.0,15.0,2.40,0.0,20.0,0,0,0,0,,0,,20.0,25.0,25.0,10.0,20.0,60.0,40.0,4,5,5,2,4,9,6,1,2,4,1,2,3,3,0.250,0.400,0.800,0.500,0.500,0.333,0.500
최준우,0.26,-0.02,15,31,31,23,2,6,2,0,0,8,5,0,0,8,0,0,7,0,0,0,0.261,0.452,0.348,0.800,0.047,133.8,0.24,16,0.375,62.5,6.3,25.0,31.3,6.3,2.00,0.0,16.7,0,2,0,1,0.000,1,0.0,12.5,12.5,25.0,31.3,18.8,66.7,33.3,2,2,4,5,3,8,4,2,1,1,1,1,2,3,1.000,0.500,0.250,0.200,0.333,0.250,0.750
김준태,0.07,0.06,23,30,30,25,6,6,2,0,0,8,3,0,0,5,0,0,6,0,0,0,0.240,0.367,0.320,0.687,-0.013,88.4,0.14,19,0.316,47.4,0.0,52.6,52.6,0.0,0.90,0.0,0.0,0,1,0,0,,0,,15.8,10.5,21.1,21.1,31.6,66.7,33.3,3,2,4,4,6,10,5,0,0,2,1,3,4,0,0.000,0.000,0.500,0.250,0.500,0.400,0.000
원성준,0.20,-0.27,9,28,28,25,5,7,3,0,1,13,5,0,0,2,0,0,9,0,0,1,0.280,0.321,0.520,0.841,0.015,109.3,-0.07,16,0.375,35.3,5.9,58.8,64.7,0.0,0.55,9.1,14.3,0,1,0,0,,0,,5.9,5.9,5.9,29.4,52.9,87.5,12.5,1,1,1,5,9,14,2,0,0,1,1,5,6,0,0.000,0.000,1.000,0.200,0.556,0.429,0.000
이호연,-0.39,-0.14,21,28,28,27,2,4,0,0,0,4,0,0,0,1,0,0,7,2,0,0,0.148,0.179,0.148,0.327,-0.176,-35.3,-0.54,20,0.200,50.0,0.0,45.0,45.0,5.0,1.11,0.0,25.0,0,2,0,0,,0,,10.0,30.0,25.0,20.0,15.0,46.7,53.3,2,6,5,4,3,7,8,0,1,1,1,1,2,1,0.000,0.167,0.200,0.250,0.333,0.286,0.125
고종욱,0.20,-0.04,22,27,27,24,3,7,2,0,1,12,4,0,0,3,0,0,4,2,0,0,0.292,0.370,0.500,0.870,0.024,116.7,0.15,19,0.316,60.0,10.0,30.0,40.0,0.0,1.50,12.5,14.3,0,0,0,0,,0,,35.0,10.0,15.0,30.0,10.0,47.1,52.9,7,2,3,6,2,8,9,3,1,1,2,0,2,4,0.429,0.500,0.333,0.333,0.000,0.250,0.444
김호진,-0.29,0.24,17,26,26,23,1,2,0,0,0,2,3,0,0,1,1,0,9,1,0,1,0.087,0.154,0.087,0.241,-0.168,-29.4,-0.04,15,0.133,46.7,0.0,53.3,53.3,0.0,0.88,0.0,0.0,1,0,0,0,,0,,20.0,26.7,6.7,40.0,6.7,50.0,50.0,3,4,1,6,1,7,7,1,0,0,1,0,1,1,0.333,0.000,0.000,0.167,0.000,0.143,0.143
김인태,-0.23,-0.24,10,26,26,23,3,4,0,0,1,7,2,0,0,2,0,0,7,1,0,1,0.174,0.231,0.304,0.535,-0.127,1.9,-0.46,16,0.188,64.7,5.9,29.4,35.3,0.0,1.83,16.7,0.0,0,1,0,0,,0,,17.6,5.9,11.8,41.2,23.5,73.3,26.7,3,1,2,7,4,11,4,0,0,0,2,2,4,0,0.000,0.000,0.000,0.286,0.500,0.364,0.000
강한울,-0.43,0.08,18,25,22,21,1,2,0,0,0,2,1,0,0,0,0,0,6,1,3,1,0.095,0.091,0.095,0.186,-0.253,-70.3,-0.35,16,0.125,57.9,5.3,26.3,31.6,10.5,1.83,0.0,50.0,0,2,0,3,0.000,5,0.0,21.1,21.1,15.8,21.1,21.1,50.0,50.0,4,4,3,4,4,8,8,1,0,1,0,0,0,1,0.250,0.000,0.333,0.000,0.000,0.000,0.125
한석현,-0.07,-0.31,21,25,25,23,4,5,0,0,0,5,2,1,1,1,1,0,7,2,0,0,0.217,0.280,0.217,0.497,-0.068,46.6,-0.39,16,0.313,68.8,12.5,18.8,31.3,0.0,2.20,0.0,20.0,1,2,0,0,,0,,13.3,40.0,13.3,20.0,13.3,38.5,61.5,2,6,2,3,2,5,8,2,1,0,1,1,2,3,1.000,0.167,0.000,0.333,0.500,0.400,0.375
신윤후,-0.11,0.44,16,24,23,21,3,3,0,0,0,3,1,0,0,1,1,0,3,1,1,0,0.143,0.217,0.143,0.360,-0.117,13.0,0.34,18,0.167,42.1,10.5,47.4,57.9,0.0,0.73,0.0,33.3,1,1,0,2,0.000,5,0.0,27.8,27.8,27.8,5.6,11.1,76.9,23.1,5,5,5,1,2,10,3,1,0,1,0,1,1,1,0.200,0.000,0.200,0.000,0.500,0.100,0.333
김동진,-0.27,0.07,18,24,22,20,3,2,0,0,1,5,1,0,0,2,0,0,5,0,2,0,0.100,0.182,0.250,0.432,-0.167,-17.8,-0.19,14,0.071,64.7,5.9,29.4,35.3,0.0,1.83,16.7,50.0,0,2,0,4,0.000,5,0.0,12.5,18.8,31.3,31.3,6.3,58.3,41.7,2,3,5,5,1,7,5,0,0,1,0,1,1,0,0.000,0.000,0.200,0.000,1.000,0.143,0.000
이주찬,0.07,-0.46,14,24,24,23,6,4,1,0,1,8,2,0,0,1,0,0,9,1,0,0,0.174,0.208,0.348,0.556,-0.023,81.1,-0.39,13,0.231,64.3,0.0,35.7,35.7,0.0,1.80,20.0,0.0,3,0,0,0,,0,,23.1,15.4,23.1,15.4,23.1,54.5,45.5,3,2,3,2,3,6,5,1,1,0,0,1,3,1,0.333,0.500,0.000,0.000,0.333,0.500,0.200
김재성,-0.03,-0.11,10,23,23,20,3,4,1,0,0,5,1,0,0,3,0,0,5,1,0,0,0.200,0.304,0.250,0.554,-0.040,68.1,-0.14,15,0.267,53.3,0.0,33.3,33.3,13.3,1.60,0.0,0.0,1,0,0,0,,0,,13.3,6.7,20.0,20.0,40.0,75.0,25.0,2,1,3,3,6,9,3,1,1,1,0,1,1,2,0.500,1.000,0.333,0.000,0.167,0.111,0.667
장승현,-0.11,0.06,9,23,22,20,1,4,2,0,0,6,0,0,1,2,0,0,5,0,1,0,0.200,0.273,0.300,0.573,-0.064,51.7,-0.05,15,0.267,62.5,0.0,37.5,37.5,0.0,1.67,0.0,0.0,0,0,0,1,0.000,1,0.0,6.3,31.3,31.3,18.8,12.5,54.5,45.5,1,5,5,3,2,6,5,0,3,0,1,0,3,1,0.000,0.600,0.000,0.333,0.000,0.500,0.200
박한결,0.28,-0.11,7,22,22,20,5,5,1,0,4,18,4,0,0,2,0,0,5,0,0,0,0.250,0.318,0.900,1.218,0.109,181.1,0.17,11,0.091,33.3,6.7,53.3,60.0,6.7,0.56,44.4,0.0,0,3,0,0,,0,,46.7,20.0,6.7,13.3,13.3,71.4,28.6,7,3,1,2,2,10,4,3,1,1,0,0,4,0,0.429,0.333,1.000,0.000,0.000,0.400,0.000
김건형,-0.12,-0.01,9,22,22,21,1,3,1,0,0,4,1,0,0,1,0,0,8,0,0,0,0.143,0.182,0.190,0.372,-0.084,34.3,-0.13,13,0.231,61.5,0.0,38.5,38.5,0.0,1.60,0.0,33.3,2,1,0,0,,0,,7.7,23.1,7.7,46.2,15.4,66.7,33.3,1,3,1,6,2,8,4,0,1,1,1,0,1,1,0.000,0.333,1.000,0.167,0.000,0.125,0.250
김태근,-0.44,-0.24,25,21,20,18,3,2,0,0,0,2,1,0,1,0,2,0,8,0,1,0,0.111,0.200,0.111,0.311,-0.169,-23.7,-0.68,10,0.200,36.4,18.2,45.5,63.6,0.0,0.57,0.0,0.0,0,0,0,1,0.000,2,0.0,18.2,18.2,36.4,0.0,27.3,57.1,42.9,2,2,4,0,3,4,3,1,0,1,0,0,1,0,0.500,0.000,0.250,,0.000,0.250,0.000
예진원,-0.10,-0.52,22,21,21,19,2,4,1,0,0,5,0,0,0,2,0,0,8,1,0,0,0.211,0.286,0.263,0.549,-0.088,31.5,-0.63,11,0.364,72.7,0.0,27.3,27.3,0.0,2.67,0.0,25.0,0,0,0,0,,0,,0.0,0.0,36.4,27.3,36.4,100.0,0.0,0,0,4,3,4,7,0,0,0,2,0,2,2,0,,,0.500,0.000,0.500,0.286,
박계범,0.19,-0.63,24,20,20,15,5,3,1,0,0,4,0,1,0,5,0,0,7,2,0,0,0.200,0.400,0.267,0.667,0.026,117.7,-0.43,8,0.375,37.5,12.5,50.0,62.5,0.0,0.60,0.0,0.0,1,0,0,0,,0,,37.5,0.0,25.0,12.5,25.0,50.0,50.0,3,0,2,1,2,3,3,2,0,0,1,0,2,1,0.667,,0.000,1.000,0.000,0.667,0.333
정준영,0.00,-0.22,12,20,19,16,3,3,0,0,0,3,0,0,0,3,0,0,5,0,1,0,0.188,0.316,0.188,0.504,-0.036,72.2,-0.22,11,0.273,58.3,0.0,41.7,41.7,0.0,1.40,0.0,0.0,1,1,0,1,0.000,2,0.0,16.7,33.3,25.0,16.7,8.3,33.3,66.7,2,4,3,2,1,3,6,0,1,2,0,0,0,1,0.000,0.250,0.667,0.000,0.000,0.000,0.167
김웅빈,-0.12,-0.01,6,18,17,13,1,1,0,0,0,1,1,0,0,3,1,0,6,0,1,0,0.077,0.294,0.077,0.371,-0.104,24.0,-0.13,7,0.143,25.0,0.0,75.0,75.0,0.0,0.33,0.0,0.0,0,0,0,1,0.000,1,0.0,12.5,12.5,37.5,37.5,0.0,60.0,40.0,1,1,3,3,0,3,2,0,0,0,1,0,1,0,0.000,0.000,0.000,0.333,,0.333,0.000
장두성,-0.05,0.11,24,17,17,13,8,2,0,0,0,2,0,7,2,2,2,0,5,0,0,0,0.154,0.353,0.154,0.507,-0.069,45.6,0.06,8,0.250,100.0,0.0,0.0,0.0,0.0,,,50.0,0,1,0,0,,0,,12.5,12.5,0.0,62.5,12.5,75.0,25.0,1,1,0,5,1,6,2,0,0,0,1,1,2,0,0.000,0.000,,0.200,1.000,0.333,0.000
김태훈,0.01,0.17,9,16,16,15,2,4,1,0,0,5,1,0,0,0,1,0,2,1,0,0,0.267,0.313,0.333,0.646,-0.050,60.2,0.18,13,0.308,61.5,15.4,23.1,38.5,0.0,1.60,0.0,0.0,0,0,0,0,,0,,25.0,16.7,16.7,25.0,16.7,50.0,50.0,3,2,2,3,2,5,5,0,1,2,1,0,1,1,0.000,0.500,1.000,0.333,0.000,0.200,0.200
유로결,-0.06,-0.07,8,16,16,14,3,3,0,0,0,3,1,0,1,2,0,0,2,1,0,0,0.214,0.313,0.214,0.527,-0.083,35.5,-0.13,12,0.250,58.3,8.3,33.3,41.7,0.0,1.40,0.0,0.0,0,2,0,0,,0,,27.3,18.2,18.2,18.2,18.2,55.6,44.4,3,2,2,2,2,5,4,1,0,2,0,0,1,0,0.333,0.000,1.000,0.000,0.000,0.200,0.000
공민규,-0.05,-0.12,11,16,16,13,1,1,0,0,1,4,2,0,0,1,2,0,8,1,0,0,0.077,0.250,0.308,0.558,-0.076,40.9,-0.17,4,0.000,20.0,0.0,80.0,80.0,0.0,0.25,25.0,0.0,0,0,0,0,,1,0.0,20.0,0.0,0.0,0.0,80.0,80.0,20.0,1,0,0,0,4,4,1,0,0,0,0,1,1,0,0.000,,,,0.250,0.250,0.000
박민,-0.01,0.19,10,15,15,15,2,4,2,0,0,6,1,0,0,0,0,0,4,0,0,0,0.267,0.267,0.400,0.667,-0.053,58.4,0.18,11,0.364,54.5,9.1,36.4,45.5,0.0,1.20,0.0,0.0,1,0,0,0,,2,0.0,36.4,27.3,0.0,18.2,18.2,63.6,36.4,4,3,0,2,2,7,4,2,1,0,1,0,3,1,0.500,0.333,,0.500,0.000,0.429,0.250
윤정빈,0.32,0.04,5,15,15,15,4,7,2,0,1,12,3,0,0,0,0,0,5,0,0,0,0.467,0.467,0.800,1.267,0.158,217.8,0.36,9,0.667,30.0,0.0,60.0,60.0,10.0,0.50,16.7,0.0,0,0,0,0,,0,,30.0,10.0,20.0,10.0,30.0,50.0,50.0,3,1,2,1,3,4,4,2,1,2,1,1,2,3,0.667,1.000,1.000,1.000,0.333,0.500,0.750
김동엽,-0.01,0.00,6,14,13,11,1,2,1,0,0,3,2,0,0,1,1,1,5,0,0,1,0.182,0.286,0.273,0.559,-0.043,68.4,-0.01,7,0.286,57.1,0.0,42.9,42.9,0.0,1.33,0.0,0.0,1,1,0,0,,0,,28.6,14.3,28.6,14.3,14.3,60.0,40.0,2,1,2,1,1,3,2,2,0,0,0,0,2,0,1.000,0.000,0.000,0.000,0.000,0.667,0.000
서예일,-0.08,0.03,15,14,14,14,1,4,0,0,0,4,1,0,0,0,0,0,3,0,0,0,0.286,0.286,0.286,0.572,-0.094,27.1,-0.05,11,0.364,36.4,27.3,36.4,63.6,0.0,0.57,0.0,25.0,0,1,0,1,0.000,2,0.0,27.3,36.4,18.2,9.1,9.1,66.7,33.3,3,4,2,1,1,6,3,0,3,1,0,0,3,0,0.000,0.750,0.500,0.000,0.000,0.500,0.000
정현승,-0.23,0.01,7,13,13,12,0,2,0,0,0,2,1,0,0,1,0,0,4,0,0,0,0.167,0.231,0.167,0.398,-0.136,-4.6,-0.22,8,0.250,50.0,0.0,50.0,50.0,0.0,1.00,0.0,0.0,0,0,0,0,,0,,0.0,12.5,25.0,37.5,25.0,83.3,16.7,0,1,2,3,2,5,1,0,0,1,0,1,1,0,,0.000,0.500,0.000,0.500,0.200,0.000
홍성호,0.10,0.06,13,13,13,12,0,4,2,0,0,6,1,1,0,1,0,0,5,0,0,0,0.333,0.385,0.500,0.885,0.051,136.8,0.16,7,0.571,14.3,14.3,71.4,85.7,0.0,0.17,0.0,0.0,0,1,0,0,,0,,14.3,0.0,28.6,42.9,14.3,80.0,20.0,1,0,2,3,1,4,1,0,0,1,2,1,3,0,0.000,,0.500,0.667,1.000,0.750,0.000
김병준,0.14,0.12,25,13,13,11,7,3,0,0,0,3,0,0,0,2,0,0,2,0,0,0,0.273,0.385,0.273,0.658,0.032,122.8,0.26,9,0.333,44.4,11.1,44.4,55.6,0.0,0.80,0.0,33.3,1,1,0,0,,1,0.0,22.2,22.2,44.4,11.1,0.0,20.0,80.0,2,2,4,1,0,1,4,0,1,2,0,0,0,1,0.000,0.500,0.500,0.000,,0.000,0.250
김현종,0.13,0.07,15,13,13,12,8,3,1,0,0,4,2,0,0,0,1,0,3,0,0,0,0.250,0.308,0.333,0.641,0.029,120.3,0.20,9,0.333,11.1,0.0,88.9,88.9,0.0,0.13,0.0,0.0,1,0,0,0,,0,,22.2,11.1,22.2,0.0,44.4,42.9,57.1,2,1,2,0,4,3,4,1,1,1,0,0,2,0,0.500,1.000,0.500,,0.000,0.667,0.000
박정우,-0.25,0.12,13,12,12,11,1,2,0,0,0,2,0,0,0,1,0,0,2,2,0,0,0.182,0.250,0.182,0.432,-0.125,3.6,-0.13,9,0.222,77.8,0.0,22.2,22.2,0.0,3.50,0.0,0.0,0,0,0,0,,1,0.0,11.1,22.2,11.1,11.1,44.4,62.5,37.5,1,2,1,1,4,5,3,0,0,0,0,2,2,0,0.000,0.000,0.000,0.000,0.500,0.400,0.000
최원영,0.05,0.04,23,12,12,11,5,4,1,0,0,5,2,5,3,0,1,0,1,0,0,0,0.364,0.417,0.455,0.872,0.046,133.3,0.09,10,0.400,30.0,10.0,60.0,70.0,0.0,0.43,0.0,0.0,0,1,0,0,,0,,10.0,30.0,20.0,30.0,10.0,50.0,50.0,1,3,2,3,1,4,4,1,1,0,1,1,2,2,1.000,0.333,0.000,0.333,1.000,0.500,0.500
오선진,-0.03,0.09,8,12,11,8,0,1,0,0,0,1,0,0,0,1,2,0,4,0,1,0,0.125,0.364,0.125,0.489,-0.059,57.6,0.06,4,0.250,60.0,20.0,20.0,40.0,0.0,1.50,0.0,0.0,0,1,0,1,0.000,1,0.0,20.0,20.0,60.0,0.0,0.0,100.0,0.0,1,1,3,0,0,2,0,0,0,1,0,0,0,0,0.000,0.000,0.333,,,0.000,
안익훈,0.11,0.11,8,12,12,9,3,3,1,0,0,4,1,0,0,2,0,0,1,0,0,1,0.333,0.417,0.444,0.861,0.034,123.9,0.22,9,0.333,44.4,0.0,55.6,55.6,0.0,0.80,0.0,33.3,0,0,0,0,,0,,44.4,11.1,22.2,11.1,11.1,28.6,71.4,4,1,2,1,1,2,5,2,0,0,0,1,1,2,0.500,0.000,0.000,0.000,1.000,0.500,0.400
김주형,0.01,0.27,12,11,10,7,0,1,0,0,0,1,1,0,0,1,2,0,4,0,1,0,0.143,0.400,0.143,0.543,-0.034,75.3,0.28,3,0.333,75.0,0.0,25.0,25.0,0.0,3.00,0.0,0.0,0,0,0,1,0.000,1,0.0,25.0,0.0,25.0,50.0,0.0,33.3,66.7,1,0,1,2,0,1,2,0,0,0,1,0,0,1,0.000,,0.000,0.500,,0.000,0.500
양우현,-0.18,0.18,3,11,10,9,0,0,0,0,0,0,1,0,0,1,0,0,4,0,1,0,0.000,0.100,0.000,0.100,-0.251,-74.6,0.00,5,0.000,66.7,0.0,33.3,33.3,0.0,2.00,0.0,,0,0,0,2,0.000,4,0.0,16.7,0.0,16.7,16.7,50.0,80.0,20.0,1,0,1,1,3,4,1,0,0,0,0,0,0,0,0.000,,0.000,0.000,0.000,0.000,0.000
조대현,0.18,0.05,8,10,9,6,0,3,0,0,0,3,1,0,0,3,0,0,2,0,1,0,0.500,0.667,0.500,1.167,0.193,229.8,0.23,4,0.750,40.0,0.0,60.0,60.0,0.0,0.67,0.0,0.0,0,0,0,1,0.000,1,0.0,0.0,20.0,40.0,0.0,40.0,33.3,66.7,0,1,2,0,2,1,2,0,0,1,0,2,0,2,,0.000,0.500,,1.000,0.000,1.000
김창평,-0.09,0.02,6,9,9,7,1,0,0,0,0,0,0,1,0,2,0,0,4,0,0,0,0.000,0.222,0.000,0.222,-0.169,-29.9,-0.07,3,0.000,66.7,0.0,33.3,33.3,0.0,2.00,0.0,,0,0,0,1,0.000,2,0.0,0.0,0.0,33.3,66.7,0.0,100.0,0.0,0,0,1,2,0,2,0,0,0,0,0,0,0,0,,,0.000,0.000,,0.000,
김민수,-0.10,-0.04,6,9,9,8,0,1,0,0,0,1,0,0,0,1,0,0,3,1,0,0,0.125,0.222,0.125,0.347,-0.151,-16.2,-0.14,5,0.200,40.0,0.0,60.0,60.0,0.0,0.67,0.0,0.0,0,0,0,0,,0,,60.0,40.0,0.0,0.0,0.0,100.0,0.0,3,2,0,0,0,5,0,1,0,0,0,0,1,0,0.333,0.000,,,,0.200,
박성빈,-0.12,0.05,6,9,9,8,0,1,0,0,0,1,0,0,0,1,0,0,2,0,0,0,0.125,0.222,0.125,0.347,-0.157,-20.6,-0.07,6,0.167,50.0,16.7,33.3,50.0,0.0,1.00,0.0,0.0,0,0,0,0,,0,,16.7,16.7,33.3,33.3,0.0,50.0,50.0,1,1,2,2,0,2,2,1,0,0,0,0,1,0,1.000,0.000,0.000,0.000,,0.500,0.000
김찬형,-0.28,-0.01,5,9,9,9,0,0,0,0,0,0,0,0,0,0,0,0,4,0,0,0,0.000,0.000,0.000,0.000,-0.319,-143.4,-0.29,5,0.000,60.0,0.0,40.0,40.0,0.0,1.50,0.0,,0,0,0,0,,0,,0.0,20.0,40.0,20.0,20.0,33.3,66.7,0,1,2,1,1,1,2,0,0,0,0,0,0,0,,0.000,0.000,0.000,0.000,0.000,0.000
이명기,-0.14,0.02,4,8,7,7,0,0,0,0,0,0,1,0,0,0,0,0,3,0,1,0,0.000,0.000,0.000,0.000,-0.328,-118.9,-0.12,4,0.000,60.0,0.0,20.0,20.0,20.0,3.00,0.0,,0,1,0,1,0.000,2,0.0,40.0,0.0,40.0,20.0,0.0,33.3,66.7,2,0,2,1,0,1,2,0,0,0,0,0,0,0,0.000,,0.000,0.000,,0.000,0.000
장준원,-0.10,0.14,12,8,8,7,1,1,0,0,0,1,0,0,0,1,0,0,2,0,0,0,0.143,0.250,0.143,0.393,-0.130,-0.3,0.04,5,0.200,40.0,0.0,60.0,60.0,0.0,0.67,0.0,0.0,0,0,0,0,,0,,60.0,20.0,20.0,0.0,0.0,100.0,0.0,3,1,1,0,0,4,0,0,0,1,0,0,0,0,0.000,0.000,1.000,,,0.000,
황대인,0.02,-0.04,3,7,7,7,1,2,1,0,0,3,3,0,0,0,0,0,1,0,0,0,0.286,0.286,0.429,0.715,-0.031,74.8,-0.02,6,0.333,50.0,0.0,50.0,50.0,0.0,1.00,0.0,0.0,0,0,0,0,,0,,33.3,33.3,16.7,0.0,16.7,80.0,20.0,2,2,1,0,1,4,1,0,1,0,0,1,1,1,0.000,0.500,0.000,,1.000,0.250,1.000
김동헌,0.01,-0.15,2,7,7,5,0,1,0,0,0,1,1,0,0,1,1,0,0,0,0,0,0.200,0.429,0.200,0.629,-0.004,95.1,-0.14,5,0.200,40.0,20.0,40.0,60.0,0.0,0.67,0.0,0.0,0,0,0,0,,0,,20.0,20.0,20.0,40.0,0.0,50.0,50.0,1,1,1,2,0,2,2,0,0,1,0,0,0,0,0.000,0.000,1.000,0.000,,0.000,0.000
김수윤,0.03,0.01,5,7,7,6,0,2,0,0,0,2,0,0,0,1,0,0,3,0,0,0,0.333,0.429,0.333,0.762,0.019,112.9,0.04,3,0.667,33.3,0.0,66.7,66.7,0.0,0.50,0.0,0.0,0,0,0,0,,0,,33.3,0.0,33.3,0.0,33.3,50.0,50.0,1,0,1,0,1,1,1,1,0,0,0,1,1,1,1.000,,0.000,,1.000,1.000,1.000
김동혁,0.09,-0.06,17,7,7,6,2,2,0,0,0,2,1,2,1,1,0,0,3,0,0,0,0.333,0.429,0.333,0.762,0.010,105.4,0.03,3,0.667,66.7,0.0,33.3,33.3,0.0,2.00,0.0,0.0,0,0,0,0,,0,,0.0,0.0,0.0,100.0,0.0,100.0,0.0,0,0,0,3,0,3,0,0,0,0,2,0,2,0,,,,0.667,,0.667,
김시앙,-0.11,0.05,6,7,7,7,1,1,0,0,0,1,0,0,0,0,0,0,1,0,0,0,0.143,0.143,0.143,0.286,-0.213,-63.1,-0.06,6,0.167,66.7,0.0,33.3,33.3,0.0,2.00,0.0,100.0,0,0,0,0,,0,,33.3,16.7,16.7,0.0,33.3,60.0,40.0,2,1,1,0,2,3,2,0,0,1,0,0,0,0,0.000,0.000,1.000,,0.000,0.000,0.000
박주홍,-0.16,0.00,3,7,7,6,0,0,0,0,0,0,0,0,0,1,0,0,2,0,0,0,0.000,0.143,0.000,0.143,-0.221,-69.1,-0.15,4,0.000,25.0,25.0,50.0,75.0,0.0,0.33,0.0,,0,0,0,0,,0,,50.0,0.0,0.0,25.0,25.0,50.0,50.0,2,0,0,1,1,2,2,0,0,0,0,0,0,0,0.000,,,0.000,0.000,0.000,0.000
최승민,-0.19,0.18,29,6,6,6,9,1,0,0,0,1,0,8,6,0,0,0,1,0,0,0,0.167,0.167,0.167,0.334,-0.180,-38.2,-0.01,5,0.200,60.0,0.0,40.0,40.0,0.0,1.50,0.0,0.0,0,0,0,0,,0,,20.0,20.0,20.0,20.0,20.0,50.0,50.0,1,1,1,1,1,2,2,0,0,1,0,0,0,0,0.000,0.000,1.000,0.000,0.000,0.000,0.000
서동욱,-0.01,0.01,5,6,6,5,1,1,0,0,0,1,0,0,0,0,1,0,1,0,0,0,0.200,0.333,0.200,0.533,-0.076,40.7,0.00,4,0.250,25.0,25.0,50.0,75.0,0.0,0.33,0.0,100.0,0,0,0,0,,0,,0.0,25.0,25.0,25.0,25.0,33.3,66.7,0,1,1,1,1,1,2,0,1,0,0,0,1,0,,1.000,0.000,0.000,0.000,1.000,0.000
김세훈,-0.08,-0.03,6,5,5,4,0,0,0,0,0,0,0,0,0,1,0,0,2,0,0,0,0.000,0.200,0.000,0.200,-0.189,-44.8,-0.11,2,0.000,100.0,0.0,0.0,0.0,0.0,,,,0,0,0,0,,0,,0.0,50.0,0.0,0.0,50.0,50.0,50.0,0,1,0,0,1,1,1,0,0,0,0,0,0,0,,0.000,,,0.000,0.000,0.000
박준형,-0.14,-0.14,4,5,5,5,0,0,0,0,0,0,0,0,0,0,0,0,3,0,0,0,0.000,0.000,0.000,0.000,-0.318,-142.5,-0.27,2,0.000,50.0,0.0,50.0,50.0,0.0,1.00,0.0,,0,1,0,0,,0,,0.0,50.0,0.0,50.0,0.0,50.0,50.0,0,1,0,1,0,1,1,0,0,0,0,0,0,0,,0.000,,0.000,,0.000,0.000
안승한,-0.06,0.06,4,5,5,5,0,1,0,0,0,1,0,0,0,0,0,0,1,0,0,0,0.200,0.200,0.200,0.400,-0.148,-13.5,0.00,4,0.250,25.0,0.0,75.0,75.0,0.0,0.33,0.0,0.0,0,0,0,0,,0,,0.0,25.0,50.0,0.0,25.0,50.0,50.0,0,1,2,0,1,1,1,0,0,1,0,0,0,0,,0.000,0.500,,0.000,0.000,0.000
이승원,-0.12,0.00,3,5,4,4,0,0,0,0,0,0,0,0,0,0,0,0,2,0,1,0,0.000,0.000,0.000,0.000,-0.326,-98.9,-0.12,2,0.000,100.0,0.0,0.0,0.0,0.0,,,,0,0,0,1,0.000,1,0.0,33.3,0.0,0.0,66.7,0.0,33.3,66.7,1,0,0,2,0,1,2,0,0,0,0,0,0,0,0.000,,,0.000,,0.000,0.000
윤준호,-0.02,-0.08,3,4,4,4,1,1,0,0,0,1,1,0,0,0,0,0,1,0,0,0,0.250,0.250,0.250,0.500,-0.113,12.4,-0.10,3,0.333,33.3,33.3,33.3,66.7,0.0,0.50,0.0,0.0,0,0,0,0,,0,,0.0,33.3,33.3,0.0,33.3,50.0,50.0,0,1,1,0,1,1,1,0,0,1,0,0,0,0,,0.000,1.000,,0.000,0.000,0.000
홍현빈,-0.03,-0.14,7,4,4,3,0,0,0,0,0,0,0,0,0,1,0,0,2,0,0,0,0.000,0.250,0.000,0.250,-0.145,-11.3,-0.16,1,0.000,0.0,0.0,100.0,100.0,0.0,0.00,0.0,,0,0,0,0,,0,,100.0,0.0,0.0,0.0,0.0,0.0,100.0,1,0,0,0,0,0,1,0,0,0,0,0,0,0,0.000,,,,,,0.000
김인환,-0.12,-0.08,3,4,4,4,0,0,0,0,0,0,0,0,0,0,0,0,2,0,0,0,0.000,0.000,0.000,0.000,-0.309,-135.8,-0.20,2,0.000,0.0,0.0,100.0,100.0,0.0,0.00,0.0,,0,0,0,0,,0,,0.0,0.0,0.0,50.0,50.0,100.0,0.0,0,0,0,1,1,2,0,0,0,0,0,0,0,0,,,,0.000,0.000,0.000,
송찬의,-0.02,0.01,3,4,4,3,1,0,0,0,0,0,0,0,0,0,1,0,2,0,0,0,0.000,0.250,0.000,0.250,-0.149,-14.4,-0.01,1,0.000,100.0,0.0,0.0,0.0,0.0,,,,0,0,0,0,,0,,0.0,0.0,100.0,0.0,0.0,,,0,0,1,0,0,0,0,0,0,0,0,0,0,0,,,0.000,,,,
김규성,0.13,-0.20,6,4,4,2,1,1,1,0,0,2,2,0,0,2,0,0,1,0,0,0,0.500,0.750,1.000,1.750,0.322,342.2,-0.07,1,1.000,100.0,0.0,0.0,0.0,0.0,,,0.0,0,0,0,0,,0,,0.0,0.0,0.0,0.0,100.0,100.0,0.0,0,0,0,0,1,1,0,0,0,0,0,1,1,0,,,,,1.000,1.000,
김태우,-0.09,-0.03,4,3,3,3,0,0,0,0,0,0,0,0,0,0,0,0,2,0,0,0,0.000,0.000,0.000,0.000,-0.312,-138.5,-0.12,1,0.000,0.0,0.0,100.0,100.0,0.0,0.00,0.0,,0,0,0,0,,0,,100.0,0.0,0.0,0.0,0.0,100.0,0.0,1,0,0,0,0,1,0,0,0,0,0,0,0,0,0.000,,,,,0.000,
최민창,-0.04,0.02,5,3,3,3,2,0,0,0,0,0,0,0,0,0,0,0,1,0,0,0,0.000,0.000,0.000,0.000,-0.318,-143.0,-0.02,2,0.000,0.0,50.0,50.0,100.0,0.0,0.00,0.0,,0,0,0,1,0.000,1,0.0,50.0,50.0,0.0,0.0,0.0,0.0,100.0,1,1,0,0,0,0,2,0,0,0,0,0,0,0,0.000,0.000,,,,,0.000
강현우,-0.08,0.02,2,3,3,3,0,0,0,0,0,0,0,0,0,0,0,0,2,0,0,0,0.000,0.000,0.000,0.000,-0.312,-138.5,-0.05,1,0.000,0.0,0.0,100.0,100.0,0.0,0.00,0.0,,0,0,0,0,,0,,100.0,0.0,0.0,0.0,0.0,100.0,0.0,1,0,0,0,0,1,0,0,0,0,0,0,0,0,0.000,,,,,0.000,
최명경,-0.01,-0.04,1,3,3,3,0,1,0,0,0,1,0,0,0,0,0,0,1,0,0,0,0.333,0.333,0.333,0.666,-0.053,58.4,-0.04,2,0.500,100.0,0.0,0.0,0.0,0.0,,,0.0,0,0,0,0,,0,,0.0,50.0,0.0,0.0,50.0,50.0,50.0,0,1,0,0,1,1,1,0,0,0,0,1,1,0,,0.000,,,1.000,1.000,0.000
박영빈,0.05,0.02,6,3,3,3,1,1,1,0,0,2,0,2,0,0,0,0,2,0,0,0,0.333,0.333,0.667,1.000,0.058,142.1,0.07,1,1.000,0.0,0.0,100.0,100.0,0.0,0.00,0.0,0.0,0,0,0,0,,1,0.0,0.0,0.0,0.0,0.0,100.0,100.0,0.0,0,0,0,0,1,1,0,0,0,0,0,1,1,0,,,,,1.000,1.000,
안현민,-0.06,0.01,3,3,3,3,0,0,0,0,0,0,0,0,0,0,0,0,1,0,0,0,0.000,0.000,0.000,0.000,-0.328,-150.2,-0.05,2,0.000,100.0,0.0,0.0,0.0,0.0,,,,0,1,0,0,,0,,50.0,0.0,0.0,50.0,0.0,50.0,50.0,1,0,0,1,0,1,1,0,0,0,0,0,0,0,0.000,,,0.000,,0.000,0.000
류승민,0.03,0.09,5,3,3,1,1,0,0,0,0,0,0,0,0,2,0,0,1,0,0,0,0.000,0.667,0.000,0.667,0.133,199.0,0.12,0,,,,,,,,,,0,0,0,0,,0,,,,,,,,,0,0,0,0,0,0,0,0,0,0,0,0,0,0,,,,,,,
박경수,0.12,-0.03,5,3,3,3,2,2,1,0,0,3,1,0,0,0,0,0,1,0,0,0,0.667,0.667,1.000,1.667,0.362,372.5,0.10,2,1.000,50.0,0.0,50.0,50.0,0.0,1.00,0.0,0.0,0,0,0,0,,0,,100.0,0.0,0.0,0.0,0.0,100.0,0.0,2,0,0,0,0,2,0,2,0,0,0,0,2,0,1.000,,,,,1.000,
강성우,-0.01,0.01,2,3,2,2,0,1,0,0,0,1,0,0,1,0,0,0,0,0,1,0,0.500,0.500,0.500,1.000,0.081,139.9,0.00,2,0.500,66.7,33.3,0.0,33.3,0.0,2.00,0.0,0.0,0,0,0,1,0.000,1,0.0,33.3,33.3,33.3,0.0,0.0,100.0,0.0,1,1,1,0,0,2,0,1,0,0,0,0,1,0,1.000,0.000,0.000,,,0.500,
류효승,-0.07,0.01,1,2,2,2,0,0,0,0,0,0,0,0,0,0,0,0,0,0,0,0,0.000,0.000,0.000,0.000,-0.318,-142.7,-0.06,2,0.000,0.0,50.0,50.0,100.0,0.0,0.00,0.0,,0,0,0,0,,0,,0.0,0.0,100.0,0.0,0.0,,,0,0,1,0,0,0,0,0,0,0,0,0,0,0,,,0.000,,,,
김주성,0.01,0.02,4,2,2,1,0,0,0,0,0,0,0,0,0,1,0,0,0,0,0,0,0.000,0.500,0.000,0.500,0.030,121.2,0.03,1,0.000,0.0,0.0,100.0,100.0,0.0,0.00,0.0,,0,0,0,0,,0,,0.0,100.0,0.0,0.0,0.0,100.0,0.0,0,1,0,0,0,1,0,0,0,0,0,0,0,0,,0.000,,,,0.000,
전다민,-0.05,0.00,3,2,2,2,1,0,0,0,0,0,0,0,0,0,0,0,1,0,0,0,0.000,0.000,0.000,0.000,-0.326,-148.6,-0.05,1,0.000,100.0,0.0,0.0,0.0,0.0,,,,0,0,0,0,,0,,0.0,0.0,0.0,0.0,100.0,100.0,0.0,0,0,0,0,1,1,0,0,0,0,0,0,0,0,,,,,0.000,0.000,
정대선,-0.07,0.09,3,2,2,2,0,0,0,0,0,0,0,0,0,0,0,0,2,0,0,0,0.000,0.000,0.000,0.000,-0.319,-143.8,0.02,0,,,,,,,,,,0,0,0,0,,0,,,,,,,,,0,0,0,0,0,0,0,0,0,0,0,0,0,0,,,,,,,
한승택,0.01,-0.14,4,2,2,1,0,0,0,0,0,0,0,0,0,1,0,0,0,0,0,0,0.000,0.500,0.000,0.500,0.030,121.2,-0.12,1,0.000,0.0,0.0,100.0,100.0,0.0,0.00,0.0,,0,0,0,0,,0,,0.0,0.0,100.0,0.0,0.0,,,0,0,1,0,0,0,0,0,0,0,0,0,0,0,,,0.000,,,,
이상혁,-0.01,0.04,6,2,2,2,1,0,0,0,0,0,0,2,0,0,0,0,0,0,0,0,0.000,0.000,0.000,0.000,-0.332,-153.4,0.03,2,0.000,100.0,0.0,0.0,0.0,0.0,,,,0,0,0,1,0.000,1,0.0,0.0,50.0,50.0,0.0,0.0,0.0,100.0,0,1,1,0,0,0,1,0,0,0,0,0,0,0,,0.000,0.000,,,,0.000
박시원,0.10,0.01,1,2,2,2,1,1,0,0,1,4,1,0,0,0,0,0,0,0,0,0,0.500,0.500,2.000,2.500,0.435,427.6,0.11,1,0.000,0.0,0.0,100.0,100.0,0.0,0.00,50.0,0.0,0,0,0,0,,0,,50.0,50.0,0.0,0.0,0.0,0.0,100.0,1,1,0,0,0,0,2,0,1,0,0,0,0,1,0.000,1.000,,,,,0.500
양찬열,-0.03,0.05,2,1,1,1,1,0,0,0,0,0,0,0,0,0,0,0,0,0,0,0,0.000,0.000,0.000,0.000,-0.332,-153.4,0.02,1,0.000,100.0,0.0,0.0,0.0,0.0,,,,0,1,0,0,,0,,0.0,0.0,100.0,0.0,0.0,,,0,0,1,0,0,0,0,0,0,0,0,0,0,0,,,0.000,,,,
송민섭,-0.06,-0.02,5,1,1,1,1,0,0,0,0,0,0,0,1,0,0,0,0,0,0,0,0.000,0.000,0.000,0.000,-0.298,-127.8,-0.08,1,0.000,0.0,0.0,100.0,100.0,0.0,0.00,0.0,,0,0,0,0,,0,,100.0,0.0,0.0,0.0,0.0,100.0,0.0,1,0,0,0,0,1,0,0,0,0,0,0,0,0,0.000,,,,,0.000,
백두산,-0.03,0.01,1,1,1,1,0,0,0,0,0,0,0,0,0,0,0,0,1,0,0,0,0.000,0.000,0.000,0.000,-0.319,-143.8,-0.02,0,,,,,,,,,,0,0,0,0,,0,,,,,,,,,0,0,0,0,0,0,0,0,0,0,0,0,0,0,,,,,,,
송지후,0.04,0.00,2,1,1,1,1,0,0,0,0,0,0,0,0,0,0,0,0,0,0,0,0.000,0.000,0.000,0.000,0.526,496.6,0.04,1,0.000,100.0,0.0,0.0,0.0,0.0,,,,1,0,0,0,,0,,0.0,0.0,0.0,100.0,0.0,0.0,100.0,0,0,0,1,0,0,1,0,0,0,0,0,0,0,,,,0.000,,,0.000
문승원,-0.03,0.00,4,1,1,1,0,0,0,0,0,0,0,0,0,0,0,0,1,0,0,0,0.000,0.000,0.000,0.000,-0.319,-143.8,-0.02,0,,,,,,,,,,0,0,0,0,,0,,,,,,,,,0,0,0,0,0,0,0,0,0,0,0,0,0,0,,,,,,,
전준호,-0.03,-0.01,3,1,1,1,0,0,0,0,0,0,0,0,0,0,0,0,1,0,0,0,0.000,0.000,0.000,0.000,-0.319,-143.8,-0.03,0,,,,,,,,,,0,0,0,0,,0,,,,,,,,,0,0,0,0,0,0,0,0,0,0,0,0,0,0,,,,,,,
